depth_averaged_kz,ws,pressure,output
0.0012625017606426388,-5.833333333333334e-06,3.3350000000000004e-05,0.6414834255400031
2.7236320919967492e-05,3.333333333333334e-06,2e-08,0.780421951505804
2.7236320919967492e-05,2.5000000000000015e-06,2e-08,0.7756758746440834
0.0013824847051033201,0.0,5.0015e-05,0.7471515455738774
0.0011660878472401904,-8.333333333333327e-07,2.50175e-05,0.7312952402522692
0.0011660878472401904,7.500000000000001e-06,2.50175e-05,0.7489197863123471
0.0002934339807680495,9.16666666666667e-06,8.3525e-06,0.7698162049454436
2.7236320919967492e-05,8.333333333333344e-07,2e-08,0.7663916722779721
0.0012625017606426388,9.16666666666667e-06,3.3350000000000004e-05,0.7486692250651389
0.0011660878472401904,8.333333333333344e-07,2.50175e-05,0.7475584172239906
0.0013824847051033201,5.000000000000001e-06,5.0015e-05,0.7476836469201639
0.0009769455304579268,-8.333333333333327e-07,1.6685e-05,0.731552727748625
0.0002934339807680495,-1.666666666666667e-06,8.3525e-06,0.7179823654632805
0.0002934339807680495,1.666666666666667e-06,8.3525e-06,0.754844674316986
2.7236320919967492e-05,5.833333333333336e-06,2e-08,0.794989993200005
0.0009769455304579268,4.166666666666667e-06,1.6685e-05,0.7491072164255393
2.7236320919967492e-05,8.333333333333335e-06,2e-08,0.8099032316445383
0.0009769455304579268,-6.666666666666667e-06,1.6685e-05,0.6270810789031767
0.0011660878472401904,1.666666666666667e-06,2.50175e-05,0.7477277534710679
0.0002934339807680495,-4.166666666666667e-06,8.3525e-06,0.6693440682395165
0.0002934339807680495,-2.4999999999999998e-06,8.3525e-06,0.7015080584713306
0.0009769455304579268,-9.166666666666668e-06,1.6685e-05,0.5866216184325495
2.7236320919967492e-05,1e-05,2e-08,0.8199460656746089
2.7236320919967492e-05,-4.166666666666667e-06,2e-08,0.6694333193830786
0.0012625017606426388,-4.166666666666667e-06,3.3350000000000004e-05,0.6701451427965031
0.0002934339807680495,3.333333333333334e-06,8.3525e-06,0.758048418002911
2.7236320919967492e-05,-1e-05,2e-08,0.5477820972837756
0.0009769455304579268,0.0,1.6685e-05,0.7477041295734705
0.0011660878472401904,8.333333333333335e-06,2.50175e-05,0.7490910307218999
2.7236320919967492e-05,6.666666666666667e-06,2e-08,0.7999320535579135
0.0009769455304579268,-5e-06,1.6685e-05,0.6554495786114919
0.0013824847051033201,1e-05,5.0015e-05,0.7482181409355521
0.0002934339807680495,4.166666666666667e-06,8.3525e-06,0.759677928021426
0.0002934339807680495,8.333333333333344e-07,8.3525e-06,0.7532711681634843
0.0012625017606426388,-2.4999999999999998e-06,3.3350000000000004e-05,0.7000312995117519
2.7236320919967492e-05,7.500000000000001e-06,2e-08,0.8049054056148286
0.0016959089163493736,-1.666666666666667e-06,6.668e-05,0.7153357231324933
2.7236320919967492e-05,5.000000000000001e-06,2e-08,0.790086206475503
0.0020715492374764263,6.666666666666667e-06,7.50125e-05,0.7475904724169841
0.001321608058315641,8.333333333333344e-07,4.1682500000000006e-05,0.7473000085209854
0.0002934339807680495,-8.333333333333327e-07,8.3525e-06,0.7347186340831223
0.0011660878472401904,9.16666666666667e-06,2.50175e-05,0.7492625135800399
0.0012625017606426388,-8.333333333333334e-06,3.3350000000000004e-05,0.6006824315858162
0.0011660878472401904,1e-05,2.50175e-05,0.7494342348650229
0.0011660878472401904,5.000000000000001e-06,2.50175e-05,0.7484074839679279
0.0009769455304579268,8.333333333333344e-07,1.6685e-05,0.7479833888599597
2.7236320919967492e-05,-1.666666666666667e-06,2e-08,0.7243780517416336
0.0009769455304579268,6.666666666666667e-06,1.6685e-05,0.7499572185365004
0.0011660878472401904,-2.4999999999999998e-06,2.50175e-05,0.7000835914632987
0.0011660878472401904,6.666666666666667e-06,2.50175e-05,0.7487487803712147
2.7236320919967492e-05,-7.500000000000001e-06,2e-08,0.5987546931710656
0.0009769455304579268,-7.500000000000001e-06,1.6685e-05,0.6133204413763155
0.001321608058315641,1e-05,4.1682500000000006e-05,0.7484453492976029
0.001321608058315641,-5e-06,4.1682500000000006e-05,0.6556881226541247
0.0002934339807680495,5.000000000000001e-06,8.3525e-06,0.7613253470720657
0.001321608058315641,-8.333333333333334e-06,4.1682500000000006e-05,0.6007990355060024
2.7236320919967492e-05,-8.333333333333334e-06,2e-08,0.5815662130856214
0.0014890042053787669,0.0,5.83475e-05,0.7471198880874078
0.0012625017606426388,-1.666666666666667e-06,3.3350000000000004e-05,0.7154490044503454
2.7236320919967492e-05,0.0,2e-08,0.761867594695752
0.0009769455304579268,-3.3333333333333333e-06,1.6685e-05,0.6849815910639264
0.0011660878472401904,-7.500000000000001e-06,2.50175e-05,0.6138253720310919
0.0009769455304579268,2.5000000000000015e-06,1.6685e-05,0.7485439444151321
0.0009769455304579268,-5.833333333333334e-06,1.6685e-05,0.6411224490010535
0.0011660878472401904,5.833333333333336e-06,2.50175e-05,0.7485780129177053
0.0002934339807680495,-5e-06,8.3525e-06,0.6536534468328079
2.7236320919967492e-05,9.16666666666667e-06,2e-08,0.8149189140008096
0.0013824847051033201,-7.500000000000001e-06,5.0015e-05,0.6141479285633124
0.0009769455304579268,3.333333333333334e-06,1.6685e-05,0.7488252408348528
0.0012625017606426388,-1e-05,3.3350000000000004e-05,0.5748762181289586
0.002697060212821478,8.333333333333335e-06,8.334500000000001e-05,0.7476553365739607
0.0011660878472401904,3.333333333333334e-06,2.50175e-05,0.7480671416351228
0.0012625017606426388,-7.500000000000001e-06,3.3350000000000004e-05,0.6139982717754512
0.001321608058315641,5.833333333333336e-06,4.1682500000000006e-05,0.7479233888540603
0.0014890042053787669,5.000000000000001e-06,5.83475e-05,0.7475882101246075
0.0002934339807680495,-1e-05,8.3525e-06,0.5649405781717528
0.0009769455304579268,-4.166666666666667e-06,1.6685e-05,0.6700675679255746
0.0002934339807680495,-3.3333333333333333e-06,8.3525e-06,0.6852954287150902
0.001321608058315641,-3.3333333333333333e-06,4.1682500000000006e-05,0.6849177520152374
0.0016959089163493736,-2.4999999999999998e-06,6.668e-05,0.6999535966965341
0.0012625017606426388,-6.666666666666667e-06,3.3350000000000004e-05,0.6275967004606606
0.0002934339807680495,-6.666666666666667e-06,8.3525e-06,0.6230516985933575
0.0020715492374764263,-5e-06,7.50125e-05,0.6557245676510353
0.0012625017606426388,0.0,3.3350000000000004e-05,0.7472656243199952
0.001321608058315641,0.0,4.1682500000000006e-05,0.7471964271890926
0.001321608058315641,-1.666666666666667e-06,4.1682500000000006e-05,0.7154032528256817
0.0016959089163493736,1e-05,6.668e-05,0.7479395904262438
0.0012625017606426388,-3.3333333333333333e-06,3.3350000000000004e-05,0.6849321029707303
0.0016959089163493736,6.666666666666667e-06,6.668e-05,0.7476578100547485
0.0002934339807680495,-5.833333333333334e-06,8.3525e-06,0.6382229135713636
0.002697060212821478,5.833333333333336e-06,8.334500000000001e-05,0.747477419650522
0.001321608058315641,-4.166666666666667e-06,4.1682500000000006e-05,0.670149113340802
0.0013824847051033201,1.666666666666667e-06,5.0015e-05,0.7473286467119524
0.0014890042053787669,-9.166666666666668e-06,5.83475e-05,0.587940260608381
0.0011660878472401904,-6.666666666666667e-06,2.50175e-05,0.6274673741470231
0.0011660878472401904,-8.333333333333334e-06,2.50175e-05,0.6004640367984005
0.001321608058315641,-7.500000000000001e-06,4.1682500000000006e-05,0.6140899444751726
2.7236320919967492e-05,4.166666666666667e-06,2e-08,0.7852277984770354
0.0013824847051033201,3.333333333333334e-06,5.0015e-05,0.7475060138478676
0.0020715492374764263,8.333333333333335e-06,7.50125e-05,0.7477189514639627
0.0020715492374764263,-8.333333333333334e-06,7.50125e-05,0.6009924818493749
0.0016959089163493736,-8.333333333333334e-06,6.668e-05,0.6009629563220892
2.7236320919967492e-05,-9.166666666666668e-06,2e-08,0.5645747281109957
0.0009769455304579268,-1.666666666666667e-06,1.6685e-05,0.7157188089970299
0.0016959089163493736,9.16666666666667e-06,6.668e-05,0.7478690815971164
0.0014890042053787669,8.333333333333335e-06,5.83475e-05,0.7479014663172274
0.0002934339807680495,7.500000000000001e-06,8.3525e-06,0.7663708848770643
0.0009769455304579268,5.000000000000001e-06,1.6685e-05,0.7493898712257223
2.7236320919967492e-05,-3.3333333333333333e-06,2e-08,0.687569977037654
2.7236320919967492e-05,-2.4999999999999998e-06,2e-08,0.7058863409941584
0.0002934339807680495,5.833333333333336e-06,8.3525e-06,0.7629902658391164
0.0009769455304579268,-1e-05,1.6685e-05,0.5736737392403867
0.0014890042053787669,-7.500000000000001e-06,5.83475e-05,0.6141882649174363
0.0011660878472401904,-4.166666666666667e-06,2.50175e-05,0.6701329357293788
0.0013824847051033201,9.16666666666667e-06,5.0015e-05,0.7481288925352523
0.0014890042053787669,-1e-05,5.83475e-05,0.5752291686217844
0.0002934339807680495,2.5000000000000015e-06,8.3525e-06,0.7564372089408102
0.0013824847051033201,-6.666666666666667e-06,5.0015e-05,0.6277071677754013
0.0002934339807680495,-7.500000000000001e-06,8.3525e-06,0.6081389150844522
0.001321608058315641,-1e-05,4.1682500000000006e-05,0.5750455279940778
0.0012625017606426388,-8.333333333333327e-07,3.3350000000000004e-05,0.7311916087350905
0.001321608058315641,5.000000000000001e-06,4.1682500000000006e-05,0.7478192669045636
0.0020715492374764263,-1.666666666666667e-06,7.50125e-05,0.7153232255360762
2.7236320919967492e-05,-6.666666666666667e-06,2e-08,0.6161381177141024
0.0009769455304579268,5.833333333333336e-06,1.6685e-05,0.7496732052595311
0.0016959089163493736,8.333333333333344e-07,6.668e-05,0.7471663312132977
0.0020715492374764263,-3.3333333333333333e-06,7.50125e-05,0.6848900112300942
0.0009769455304579268,-2.4999999999999998e-06,1.6685e-05,0.7001968967529116
0.0020715492374764263,4.166666666666667e-06,7.50125e-05,0.7473980222641577
0.0013824847051033201,-9.166666666666668e-06,5.0015e-05,0.5878768534958977
0.0016959089163493736,-8.333333333333327e-07,6.668e-05,0.7310476584838409
2.7236320919967492e-05,1.666666666666667e-06,2e-08,0.770996749420316
2.7236320919967492e-05,-5.833333333333334e-06,2e-08,0.6337141779639801
0.001321608058315641,1.666666666666667e-06,4.1682500000000006e-05,0.7474036799778235
0.005056479678034219,7.500000000000001e-06,0.00010001,0.7475079308706579
0.002697060212821478,1e-05,8.334500000000001e-05,0.7477741019953773
0.001321608058315641,-2.4999999999999998e-06,4.1682500000000006e-05,0.7000003278215364
0.0016959089163493736,5.833333333333336e-06,6.668e-05,0.7475874712177174
0.0011660878472401904,-5.833333333333334e-06,2.50175e-05,0.6413955487639443
0.012124423946994685,-8.333333333333327e-07,0.00013334,0.7309762198356947
0.005056479678034219,2.5000000000000015e-06,0.00010001,0.7471966894305316
0.0016959089163493736,-1e-05,6.668e-05,0.5752852560896671
0.0020715492374764263,1e-05,7.50125e-05,0.747847573600527
0.002697060212821478,-5.833333333333334e-06,8.334500000000001e-05,0.6416096538815802
0.0014890042053787669,-5e-06,5.83475e-05,0.6557122165859839
0.001321608058315641,7.500000000000001e-06,4.1682500000000006e-05,0.7481319029304413
0.012124423946994685,-9.166666666666668e-06,0.00013334,0.5881511942641054
0.001321608058315641,-5.833333333333334e-06,4.1682500000000006e-05,0.6415286115244914
0.012124423946994685,-3.3333333333333333e-06,0.00013334,0.6848733536049127
0.0013824847051033201,6.666666666666667e-06,5.0015e-05,0.7478615458409874
0.0013824847051033201,-1e-05,5.0015e-05,0.5751535780295094
0.0011660878472401904,-5e-06,2.50175e-05,0.6556155007309354
0.0012625017606426388,3.333333333333334e-06,3.3350000000000004e-05,0.7477741453976702
0.0069306276875979985,-8.333333333333327e-07,0.00010834250000000001,0.7309931879020338
0.0036627261044479163,-1e-05,9.16775e-05,0.5753915803542562
0.01280813251857047,-8.333333333333327e-07,0.0001416725,0.7309717515131304
0.0012625017606426388,7.500000000000001e-06,3.3350000000000004e-05,0.7484128170872916
0.0036627261044479163,7.500000000000001e-06,9.16775e-05,0.7475479883783871
0.0036627261044479163,-4.166666666666667e-06,9.16775e-05,0.6701522145234796
0.0011660878472401904,-9.166666666666668e-06,2.50175e-05,0.5873779604863727
0.002697060212821478,9.16666666666667e-06,8.334500000000001e-05,0.7477147038712674
0.01280813251857047,-6.666666666666667e-06,0.0001416725,0.6278382111547084
0.005056479678034219,-5.833333333333334e-06,0.00010001,0.6416224770900594
0.014358159199151631,2.5000000000000015e-06,0.0001583375,0.747112298439867
0.0016959089163493736,5.000000000000001e-06,6.668e-05,0.7475171748933098
2.7236320919967492e-05,-5e-06,2e-08,0.6514802458092703
0.005056479678034219,-3.3333333333333333e-06,0.00010001,0.6848807400449177
0.0013824847051033201,-4.166666666666667e-06,5.0015e-05,0.6701507541815289
0.005056479678034219,-8.333333333333334e-06,0.00010001,0.6010512726049878
0.0069306276875979985,-6.666666666666667e-06,0.00010834250000000001,0.6278161392378455
0.0009769455304579268,-8.333333333333334e-06,1.6685e-05,0.5998355820484571
0.013483840600403363,-9.166666666666668e-06,0.00015000499999999998,0.588170357603229
0.0020715492374764263,-7.500000000000001e-06,7.50125e-05,0.6142410711687449
0.0014890042053787669,-8.333333333333327e-07,5.83475e-05,0.7310678542173555
0.0014890042053787669,-8.333333333333334e-06,5.83475e-05,0.6009247227553285
0.0013824847051033201,-8.333333333333334e-06,5.0015e-05,0.6008730826122479
2.7236320919967492e-05,-8.333333333333327e-07,2e-08,0.7430402539907961
0.001321608058315641,3.333333333333334e-06,4.1682500000000006e-05,0.7476112932422658
0.0011660878472401904,-1e-05,2.50175e-05,0.5745618312297845
0.0036627261044479163,5.000000000000001e-06,9.16775e-05,0.7473822109251292
0.0009769455304579268,7.500000000000001e-06,1.6685e-05,0.7502419110503327
0.0016959089163493736,-7.500000000000001e-06,6.668e-05,0.6142180778109106
0.0020715492374764263,5.000000000000001e-06,7.50125e-05,0.7474621365230317
0.011026916861069495,1.666666666666667e-06,0.00012500749999999999,0.7471076352840592
0.0016959089163493736,2.5000000000000015e-06,6.668e-05,0.7473065410658821
0.0020715492374764263,7.500000000000001e-06,7.50125e-05,0.7476546940552589
0.009178721398157914,-9.166666666666668e-06,0.000116675,0.588127244823688
0.0011660878472401904,-3.3333333333333333e-06,2.50175e-05,0.6849536618950776
0.01280813251857047,5.000000000000001e-06,0.0001416725,0.7472521953852589
0.009178721398157914,4.166666666666667e-06,0.000116675,0.7472580333680267
0.0002934339807680495,-8.333333333333334e-06,8.3525e-06,0.5934835614661206
0.0069306276875979985,-3.3333333333333333e-06,0.00010834250000000001,0.6848785332624189
0.0014890042053787669,7.500000000000001e-06,5.83475e-05,0.7478230741948693
0.0009769455304579268,1e-05,1.6685e-05,0.7511000637341462
0.001321608058315641,-8.333333333333327e-07,4.1682500000000006e-05,0.7311330643342384
0.0016959089163493736,1.666666666666667e-06,6.668e-05,0.747236414865441
0.002697060212821478,-8.333333333333327e-07,8.334500000000001e-05,0.7310194056393112
0.0069306276875979985,5.000000000000001e-06,0.00010834250000000001,0.7473266958409345
0.005056479678034219,6.666666666666667e-06,0.00010001,0.7474559970028672
0.014358159199151631,-1e-05,0.0001583375,0.575513987874872
0.001321608058315641,-6.666666666666667e-06,4.1682500000000006e-05,0.6276645300019794
0.001321608058315641,8.333333333333335e-06,4.1682500000000006e-05,0.7482362950307462
0.0012625017606426388,8.333333333333335e-06,3.3350000000000004e-05,0.7485409539978904
0.005056479678034219,1e-05,0.00010001,0.7476638770643717
0.014358159199151631,-8.333333333333334e-06,0.0001583375,0.6011181751666732
0.0020715492374764263,-1e-05,7.50125e-05,0.5753286389462539
0.013483840600403363,0.0,0.00015000499999999998,0.7470033551031556
0.0014890042053787669,-1.666666666666667e-06,5.83475e-05,0.7153517681352504
0.016395808585639833,-5.833333333333334e-06,0.00017500249999999998,0.6416507139348233
0.0012625017606426388,1e-05,3.3350000000000004e-05,0.7487976302692381
0.0069306276875979985,9.16666666666667e-06,0.00010834250000000001,0.7475721271733033
0.017320243556933856,6.666666666666667e-06,0.000183335,0.7472625386148661
0.014358159199151631,4.166666666666667e-06,0.0001583375,0.747187806578978
0.0002934339807680495,-9.166666666666668e-06,8.3525e-06,0.5790845237676001
0.0036627261044479163,9.16666666666667e-06,9.16775e-05,0.7476586419869327
0.0016959089163493736,-4.166666666666667e-06,6.668e-05,0.6701519039660662
0.005056479678034219,3.333333333333334e-06,0.00010001,0.7472485027055282
0.0020715492374764263,-6.666666666666667e-06,7.50125e-05,0.6277752536534433
0.013483840600403363,9.16666666666667e-06,0.00015000499999999998,0.7474343325247673
0.0020715492374764263,-5.833333333333334e-06,7.50125e-05,0.6416010408522962
0.0036627261044479163,-8.333333333333327e-07,9.16775e-05,0.7310091120193227
0.0069306276875979985,7.500000000000001e-06,0.00010834250000000001,0.7474738894394944
0.005056479678034219,-8.333333333333327e-07,0.00010001,0.7310005108314864
0.013483840600403363,8.333333333333344e-07,0.00015000499999999998,0.747042462738339
0.011026916861069495,6.666666666666667e-06,0.00012500749999999999,0.7473739520430006
0.0012625017606426388,-5e-06,3.3350000000000004e-05,0.6556642637842014
0.0020715492374764263,-4.166666666666667e-06,7.50125e-05,0.6701520947594458
0.0002934339807680495,8.333333333333335e-06,8.3525e-06,0.7680856895228594
0.0036627261044479163,-5e-06,9.16775e-05,0.655732146076466
0.0016959089163493736,-5e-06,6.668e-05,0.6557192378927696
0.0012625017606426388,2.5000000000000015e-06,3.3350000000000004e-05,0.7476468137358213
0.015379205553472641,-7.500000000000001e-06,0.00016667,0.6143433708135801
0.011026916861069495,-8.333333333333327e-07,0.00012500749999999999,0.7309812142275947
0.009178721398157914,9.16666666666667e-06,0.000116675,0.7475377034959658
0.012124423946994685,5.000000000000001e-06,0.00013334,0.7472677393139643
0.016395808585639833,7.500000000000001e-06,0.00017500249999999998,0.747309670875289
0.002697060212821478,5.000000000000001e-06,8.334500000000001e-05,0.7474181756929069
0.0036627261044479163,4.166666666666667e-06,9.16775e-05,0.7473270059126937
0.016395808585639833,-6.666666666666667e-06,0.00017500249999999998,0.6278525933783156
0.014358159199151631,5.833333333333336e-06,0.0001583375,0.7472633686415728
0.013483840600403363,-4.166666666666667e-06,0.00015000499999999998,0.6701519082946641
0.009178721398157914,8.333333333333335e-06,0.000116675,0.7474910423426265
0.01280813251857047,6.666666666666667e-06,0.0001416725,0.7473337109569202
0.011026916861069495,8.333333333333335e-06,0.00012500749999999999,0.7474628694976709
0.0036627261044479163,-1.666666666666667e-06,9.16775e-05,0.7153049754022055
0.0013824847051033201,-8.333333333333327e-07,5.0015e-05,0.7310948814720187
0.015379205553472641,6.666666666666667e-06,0.00016667,0.7472871287962332
0.002697060212821478,-8.333333333333334e-06,8.334500000000001e-05,0.6010160154307964
0.0036627261044479163,1.666666666666667e-06,9.16775e-05,0.7471615533762361
0.013483840600403363,-7.500000000000001e-06,0.00015000499999999998,0.6143335083948598
0.0069306276875979985,2.5000000000000015e-06,0.00010834250000000001,0.7471796979309328
0.005056479678034219,9.16666666666667e-06,0.00010001,0.7476118708958664
0.018987170448895287,-9.166666666666668e-06,0.0002,0.5882102942944968
0.009178721398157914,-5e-06,0.000116675,0.6557392786003267
0.014358159199151631,-5e-06,0.0001583375,0.6557463458433409
0.0013824847051033201,4.166666666666667e-06,5.0015e-05,0.7475947971502653
0.01280813251857047,5.833333333333336e-06,0.0001416725,0.7472929454178968
0.009178721398157914,-2.4999999999999998e-06,0.000116675,0.6999193392880265
0.005056479678034219,1.666666666666667e-06,0.00010001,0.7471449002927915
0.0069306276875979985,5.833333333333336e-06,0.00010834250000000001,0.7473757386251806
0.002697060212821478,0.0,8.334500000000001e-05,0.7470633598623915
0.016395808585639833,8.333333333333335e-06,0.00017500249999999998,0.7473450491049854
0.0002934339807680495,6.666666666666667e-06,8.3525e-06,0.7646722587062617
0.012124423946994685,4.166666666666667e-06,0.00013334,0.7472252757880433
0.0020715492374764263,-2.4999999999999998e-06,7.50125e-05,0.6999448370071049
0.0013824847051033201,-5e-06,5.0015e-05,0.6557025111254202
0.011026916861069495,7.500000000000001e-06,0.00012500749999999999,0.7474184017048408
0.012124423946994685,3.333333333333334e-06,0.00013334,0.7471828289973693
0.0020715492374764263,8.333333333333344e-07,7.50125e-05,0.7471419233207682
0.0014890042053787669,-5.833333333333334e-06,5.83475e-05,0.6415760086065575
0.0036627261044479163,6.666666666666667e-06,9.16775e-05,0.7474927021523231
0.017320243556933856,-8.333333333333334e-06,0.000183335,0.6011348531080204
0.0012625017606426388,8.333333333333344e-07,3.3350000000000004e-05,0.7473925531858132
0.0014890042053787669,9.16666666666667e-06,5.83475e-05,0.747979910480086
0.013483840600403363,3.333333333333334e-06,0.00015000499999999998,0.7471598722230615
0.01816695830239687,-6.666666666666667e-06,0.0001916675,0.6278580704631239
0.015379205553472641,-9.166666666666668e-06,0.00016667,0.5881860544852728
0.001321608058315641,2.5000000000000015e-06,4.1682500000000006e-05,0.7475074415572222
0.0014890042053787669,1.666666666666667e-06,5.83475e-05,0.747275787051165
0.012124423946994685,7.500000000000001e-06,0.00013334,0.7473952302360184
0.0069306276875979985,-4.166666666666667e-06,0.00010834250000000001,0.6701521766710605
0.0011660878472401904,4.166666666666667e-06,2.50175e-05,0.7482371935361456
0.0036627261044479163,8.333333333333335e-06,9.16775e-05,0.747603301654995
0.0069306276875979985,1e-05,0.00010834250000000001,0.7476212786402096
0.012124423946994685,-2.4999999999999998e-06,0.00013334,0.699913294713463
0.01816695830239687,6.666666666666667e-06,0.0001916675,0.7472516996493038
0.002697060212821478,6.666666666666667e-06,8.334500000000001e-05,0.7475366944535264
0.017320243556933856,-1e-05,0.000183335,0.5755386297506105
0.014358159199151631,-2.4999999999999998e-06,0.0001583375,0.6999063911155835
0.009178721398157914,-8.333333333333327e-07,0.000116675,0.7309868270138307
0.018987170448895287,-1e-05,0.0002,0.5755519550557
0.0011660878472401904,-1.666666666666667e-06,2.50175e-05,0.7155287424317348
0.0036627261044479163,-3.3333333333333333e-06,9.16775e-05,0.6848833045085453
0.016395808585639833,0.0,0.00017500249999999998,0.7469918031018516
0.0069306276875979985,3.333333333333334e-06,0.00010834250000000001,0.7472286754848362
0.013483840600403363,7.500000000000001e-06,0.00015000499999999998,0.7473558432081187
0.0014890042053787669,-3.3333333333333333e-06,5.83475e-05,0.6849002357389177
0.0016959089163493736,4.166666666666667e-06,6.668e-05,0.7474469210880117
0.011026916861069495,-4.166666666666667e-06,0.00012500749999999999,0.670152046895949
0.016395808585639833,-2.4999999999999998e-06,0.00017500249999999998,0.6999027815933109
0.014358159199151631,-3.3333333333333333e-06,0.0001583375,0.6848696580795575
0.01816695830239687,5.000000000000001e-06,0.0001916675,0.7471851185238005
0.017320243556933856,8.333333333333344e-07,0.000183335,0.7470227947960003
0.01280813251857047,-1e-05,0.0001416725,0.5754932885822974
0.005056479678034219,-5e-06,0.00010001,0.6557349421364024
0.017320243556933856,0.0,0.000183335,0.7469885907451985
0.012124423946994685,1.666666666666667e-06,0.00013334,0.7470979856223722
0.002697060212821478,8.333333333333344e-07,8.334500000000001e-05,0.7471224186786014
0.011026916861069495,4.166666666666667e-06,0.00012500749999999999,0.7472407119720362
0.0016959089163493736,8.333333333333335e-06,6.668e-05,0.7477986152556758
0.0014890042053787669,2.5000000000000015e-06,5.83475e-05,0.7473538146870436
0.0009769455304579268,1.666666666666667e-06,1.6685e-05,0.7482633271128759
0.0016959089163493736,7.500000000000001e-06,6.668e-05,0.7477281914094832
0.015379205553472641,3.333333333333334e-06,0.00016667,0.747141115258353
0.014358159199151631,1e-05,0.0001583375,0.7474525097151941
0.005056479678034219,-1e-05,0.00010001,0.5754152099773775
0.0012625017606426388,-9.166666666666668e-06,3.3350000000000004e-05,0.587643578978086
0.018987170448895287,-1.666666666666667e-06,0.0002,0.7152576311012627
0.01280813251857047,-1.666666666666667e-06,0.0001416725,0.7152750242761222
0.01816695830239687,0.0,0.0001916675,0.7469856313138853
0.017320243556933856,-4.166666666666667e-06,0.000183335,0.6701517587739498
0.017320243556933856,-8.333333333333327e-07,0.000183335,0.730955001500945
0.0069306276875979985,6.666666666666667e-06,0.00010834250000000001,0.7474248031589453
0.0036627261044479163,5.833333333333336e-06,9.16775e-05,0.747437443001117
0.015379205553472641,7.500000000000001e-06,0.00016667,0.7473236638146884
0.0013824847051033201,8.333333333333344e-07,5.0015e-05,0.7472400628917809
0.01280813251857047,-2.4999999999999998e-06,0.0001416725,0.699910751997567
0.013483840600403363,-2.4999999999999998e-06,0.00015000499999999998,0.699908463102819
0.015379205553472641,5.000000000000001e-06,0.00016667,0.7472140967215098
0.0002934339807680495,0.0,8.3525e-06,0.7517170241092113
0.0009769455304579268,9.16666666666667e-06,1.6685e-05,0.7508133336920212
0.01816695830239687,5.833333333333336e-06,0.0001916675,0.7472184037445101
0.0036627261044479163,-8.333333333333334e-06,9.16775e-05,0.601035243557569
0.017320243556933856,5.833333333333336e-06,0.000183335,0.7472282557040542
0.0014890042053787669,-6.666666666666667e-06,5.83475e-05,0.6277367124699412
0.0013824847051033201,-2.4999999999999998e-06,5.0015e-05,0.6999796434301262
0.002697060212821478,2.5000000000000015e-06,8.334500000000001e-05,0.747240628898667
0.011026916861069495,9.16666666666667e-06,0.00012500749999999999,0.7475073554281949
0.015379205553472641,-8.333333333333334e-06,0.00016667,0.601124233660534
0.015379205553472641,1e-05,0.00016667,0.7474333447547061
0.013483840600403363,8.333333333333335e-06,0.00015000499999999998,0.7473950806596515
0.01816695830239687,-2.4999999999999998e-06,0.0001916675,0.6998997381591655
0.014358159199151631,0.0,0.0001583375,0.7469991374146131
0.0013824847051033201,-1.666666666666667e-06,5.0015e-05,0.7153731688207544
0.013483840600403363,5.833333333333336e-06,0.00015000499999999998,0.747277411542492
0.018987170448895287,-8.333333333333327e-07,0.0002,0.7309500857937647
0.012124423946994685,-1.666666666666667e-06,0.00013334,0.7152786067735252
0.015379205553472641,-5e-06,0.00016667,0.6557473721998881
0.002697060212821478,-6.666666666666667e-06,8.334500000000001e-05,0.6277885808358625
0.0013824847051033201,-5.833333333333334e-06,5.0015e-05,0.6415566921295339
0.012124423946994685,2.5000000000000015e-06,0.00013334,0.7471403989357291
0.0069306276875979985,1.666666666666667e-06,0.00010834250000000001,0.7471307421411535
0.015379205553472641,-5.833333333333334e-06,0.00016667,0.6416487275776434
0.013483840600403363,-1.666666666666667e-06,0.00015000499999999998,0.7152718007058371
0.018987170448895287,5.000000000000001e-06,0.0002,0.7471769206786041
0.01816695830239687,7.500000000000001e-06,0.0001916675,0.7472850062155104
0.011026916861069495,-2.4999999999999998e-06,0.00012500749999999999,0.6999161372914702
0.009178721398157914,0.0,0.000116675,0.7470255193763189
0.017320243556933856,1e-05,0.000183335,0.7473997828129606
0.0069306276875979985,-5e-06,0.00010834250000000001,0.6557372865463512
0.01280813251857047,1e-05,0.0001416725,0.7474969279937653
0.012124423946994685,-7.500000000000001e-06,0.00013334,0.6143214604789338
0.016395808585639833,1e-05,0.00017500249999999998,0.7474158413109182
0.013483840600403363,1e-05,0.00015000499999999998,0.7474735988133004
0.0012625017606426388,6.666666666666667e-06,3.3350000000000004e-05,0.7482848143448072
0.012124423946994685,8.333333333333335e-06,0.00013334,0.747437760652571
0.0013824847051033201,8.333333333333335e-06,5.0015e-05,0.7480397105436896
0.01816695830239687,2.5000000000000015e-06,0.0001916675,0.7470853268704291
0.015379205553472641,-1e-05,0.00016667,0.5755229376066612
0.0012625017606426388,5.833333333333336e-06,3.3350000000000004e-05,0.7481569457934539
0.015379205553472641,4.166666666666667e-06,0.00016667,0.7471775996626796
0.012124423946994685,-6.666666666666667e-06,0.00013334,0.6278336172656493
0.01280813251857047,7.500000000000001e-06,0.0001416725,0.7473744919897034
0.013483840600403363,-3.3333333333333333e-06,0.00015000499999999998,0.6848707682936027
0.017320243556933856,-9.166666666666668e-06,0.000183335,0.5881991639546289
0.005056479678034219,-6.666666666666667e-06,0.00010001,0.6278084882161166
0.012124423946994685,5.833333333333336e-06,0.00013334,0.747310219552751
0.018987170448895287,-5e-06,0.0002,0.6557506847786905
0.0069306276875979985,-8.333333333333334e-06,0.00010834250000000001,0.6010648643639492
0.0013824847051033201,5.833333333333336e-06,5.0015e-05,0.7477725631561846
0.005056479678034219,-7.500000000000001e-06,0.00010001,0.6142867773616809
0.002697060212821478,-1.666666666666667e-06,8.334500000000001e-05,0.7153132025149136
0.018987170448895287,-2.4999999999999998e-06,0.0002,0.6998983868612756
0.012124423946994685,-5e-06,0.00013334,0.6557425724883974
0.013483840600403363,-5.833333333333334e-06,0.00015000499999999998,0.6416441595487427
0.01816695830239687,9.16666666666667e-06,0.0001916675,0.747351651348332
0.0020715492374764263,3.333333333333334e-06,7.50125e-05,0.7473339438073467
0.011026916861069495,-9.166666666666668e-06,0.00012500749999999999,0.5881399231598036
0.0036627261044479163,-9.166666666666668e-06,9.16775e-05,0.588076265424098
0.014358159199151631,-1.666666666666667e-06,0.0001583375,0.715268884090145
0.016395808585639833,-8.333333333333327e-07,0.00017500249999999998,0.7309577727674298
0.012124423946994685,0.0,0.00013334,0.7470132091910701
0.018987170448895287,-8.333333333333334e-06,0.0002,0.6011438674875577
0.015379205553472641,2.5000000000000015e-06,0.00016667,0.7471046435068777
0.0036627261044479163,2.5000000000000015e-06,9.16775e-05,0.7472166771318977
0.018987170448895287,8.333333333333335e-06,0.0002,0.7473064741469633
0.01816695830239687,-9.166666666666668e-06,0.0001916675,0.5882049461510996
0.015379205553472641,-1.666666666666667e-06,0.00016667,0.7152662313187887
0.0016959089163493736,-3.3333333333333333e-06,6.668e-05,0.6848945289112883
0.014358159199151631,9.16666666666667e-06,0.0001583375,0.7474146545434992
0.005056479678034219,8.333333333333335e-06,0.00010001,0.7475598888331845
0.0012625017606426388,5.000000000000001e-06,3.3350000000000004e-05,0.748029211441506
0.01816695830239687,1e-05,0.0001916675,0.747384989926009
0.01280813251857047,-4.166666666666667e-06,0.0001416725,0.6701519504834252
0.012124423946994685,-1e-05,0.00013334,0.5754812232751553
0.011026916861069495,1e-05,0.00012500749999999999,0.7475518595059275
0.011026916861069495,-5e-06,0.00012500749999999999,0.6557410175920007
0.01816695830239687,-3.3333333333333333e-06,0.0001916675,0.6848660850495193
0.0036627261044479163,0.0,9.16775e-05,0.7470513871287107
0.013483840600403363,6.666666666666667e-06,0.00015000499999999998,0.7473166201658578
0.0011660878472401904,2.5000000000000015e-06,2.50175e-05,0.7478973282773009
0.012124423946994685,9.16666666666667e-06,0.00013334,0.747480307785564
0.016395808585639833,-3.3333333333333333e-06,0.00017500249999999998,0.6848677211824906
0.0016959089163493736,-6.666666666666667e-06,6.668e-05,0.6277584905078912
0.012124423946994685,8.333333333333344e-07,0.00013334,0.7470555890394422
0.0036627261044479163,-2.4999999999999998e-06,9.16775e-05,0.6999319886256083
0.01816695830239687,8.333333333333344e-07,0.0001916675,0.7470188524874253
0.016395808585639833,2.5000000000000015e-06,0.00017500249999999998,0.7470976517246992
0.001321608058315641,9.16666666666667e-06,4.1682500000000006e-05,0.74834077715944
0.0069306276875979985,-2.4999999999999998e-06,0.00010834250000000001,0.699922965829473
0.015379205553472641,-3.3333333333333333e-06,0.00016667,0.6848686467714633
0.0020715492374764263,9.16666666666667e-06,7.50125e-05,0.7477832446466226
0.0069306276875979985,-7.500000000000001e-06,0.00010834250000000001,0.6142973266351105
0.018987170448895287,-3.3333333333333333e-06,0.0002,0.6848653576165042
0.01280813251857047,-5e-06,0.0001416725,0.6557439643343261
0.015379205553472641,-4.166666666666667e-06,0.00016667,0.670151830138249
0.0014890042053787669,8.333333333333344e-07,5.83475e-05,0.7471978115192741
0.0013824847051033201,-3.3333333333333333e-06,5.0015e-05,0.684907672898324
0.0036627261044479163,3.333333333333334e-06,9.16775e-05,0.7472718279815025
0.0069306276875979985,-1.666666666666667e-06,0.00010834250000000001,0.715292221523339
0.0014890042053787669,4.166666666666667e-06,5.83475e-05,0.7475100262324018
0.0036627261044479163,1e-05,9.16775e-05,0.7477140093775863
0.0016959089163493736,3.333333333333334e-06,6.668e-05,0.7473767098079485
0.013483840600403363,5.000000000000001e-06,0.00015000499999999998,0.7472382173537944
0.009178721398157914,-5.833333333333334e-06,0.000116675,0.6416315982642976
0.0012625017606426388,1.666666666666667e-06,3.3350000000000004e-05,0.747519616326771
0.013483840600403363,-8.333333333333334e-06,0.00015000499999999998,0.6011115151516585
0.01816695830239687,8.333333333333335e-06,0.0001916675,0.747318323449149
0.011026916861069495,-7.500000000000001e-06,0.00012500749999999999,0.6143143738679399
0.001321608058315641,6.666666666666667e-06,4.1682500000000006e-05,0.7480276008629815
0.002697060212821478,3.333333333333334e-06,8.334500000000001e-05,0.7472997803079524
0.015379205553472641,-2.4999999999999998e-06,0.00016667,0.6999045056323954
0.017320243556933856,3.333333333333334e-06,0.000183335,0.7471254745649786
0.011026916861069495,-6.666666666666667e-06,0.00012500749999999999,0.6278284833249705
0.0020715492374764263,0.0,7.50125e-05,0.7470779881261406
0.009178721398157914,-1e-05,0.000116675,0.5754525645338551
0.018987170448895287,4.166666666666667e-06,0.0002,0.7471445576610707
0.01816695830239687,-5.833333333333334e-06,0.0001916675,0.6416542135457921
0.018987170448895287,9.16666666666667e-06,0.0002,0.747338887852188
0.009178721398157914,2.5000000000000015e-06,0.000116675,0.7471649683489143
0.016395808585639833,-9.166666666666668e-06,0.00017500249999999998,0.5881928895546047
0.017320243556933856,9.16666666666667e-06,0.000183335,0.7473654548713976
0.016395808585639833,9.16666666666667e-06,0.00017500249999999998,0.7473804392462231
0.005056479678034219,5.833333333333336e-06,0.00010001,0.7474040872542942
0.0036627261044479163,-5.833333333333334e-06,9.16775e-05,0.6416166597868982
0.018987170448895287,3.333333333333334e-06,0.0002,0.7471122047778593
0.018987170448895287,2.5000000000000015e-06,0.0002,0.7470798620302305
0.016395808585639833,-7.500000000000001e-06,0.00017500249999999998,0.6143476634244112
0.011026916861069495,8.333333333333344e-07,0.00012500749999999999,0.747063312709959
0.0013824847051033201,7.500000000000001e-06,5.0015e-05,0.7479505949792539
0.014358159199151631,3.333333333333334e-06,0.0001583375,0.7471500457683176
0.011026916861069495,2.5000000000000015e-06,0.00012500749999999999,0.7471519760156853
0.0012625017606426388,4.166666666666667e-06,3.3350000000000004e-05,0.747901611306298
0.002697060212821478,-7.500000000000001e-06,8.334500000000001e-05,0.6142593798797934
0.011026916861069495,5.833333333333336e-06,0.00012500749999999999,0.7473295205343863
0.009178721398157914,5.833333333333336e-06,0.000116675,0.7473511775764755
0.015379205553472641,9.16666666666667e-06,0.00016667,0.747396771787284
0.0069306276875979985,-1e-05,0.00010834250000000001,0.5754352661413379
0.005056479678034219,8.333333333333344e-07,0.00010001,0.7470931352852358
0.0036627261044479163,8.333333333333344e-07,9.16775e-05,0.7471064567098034
0.011026916861069495,0.0,0.00012500749999999999,0.7470190082907202
0.01280813251857047,-9.166666666666668e-06,0.0001416725,0.5881612786517998
0.011026916861069495,-1.666666666666667e-06,0.00012500749999999999,0.715282611332623
0.01280813251857047,0.0,0.0001416725,0.7470080206060283
0.0020715492374764263,-9.166666666666668e-06,7.50125e-05,0.5880235951133571
0.0009769455304579268,8.333333333333335e-06,1.6685e-05,0.7505272827806115
0.017320243556933856,7.500000000000001e-06,0.000183335,0.7472968327784232
0.01280813251857047,-8.333333333333334e-06,0.0001416725,0.6011041573008757
0.018987170448895287,5.833333333333336e-06,0.0002,0.7472092938336637
0.015379205553472641,0.0,0.00016667,0.7469953042394023
0.017320243556933856,-5e-06,0.000183335,0.6557491666476888
0.016395808585639833,3.333333333333334e-06,0.00017500249999999998,0.7471329584566073
0.0020715492374764263,2.5000000000000015e-06,7.50125e-05,0.7472699011606616
0.01816695830239687,-8.333333333333327e-07,0.0001916675,0.7309524477868211
0.0014890042053787669,5.833333333333336e-06,5.83475e-05,0.7476664460882746
0.0016959089163493736,0.0,6.668e-05,0.7470962901056284
0.0020715492374764263,1.666666666666667e-06,7.50125e-05,0.7472058943312404
0.018987170448895287,-5.833333333333334e-06,0.0002,0.6416557641006998
0.01816695830239687,4.166666666666667e-06,0.0001916675,0.7471518439712386
0.018987170448895287,0.0,0.0002,0.7469828946860224
0.005056479678034219,4.166666666666667e-06,0.00010001,0.7473003401031861
0.0016959089163493736,-9.166666666666668e-06,6.668e-05,0.5879872640134365
0.009178721398157914,-3.3333333333333333e-06,0.000116675,0.6848765926709844
0.0069306276875979985,-9.166666666666668e-06,0.00010834250000000001,0.5881127907833683
0.018987170448895287,7.500000000000001e-06,0.0002,0.7472740705753556
0.01816695830239687,1.666666666666667e-06,0.0001916675,0.7470520843541495
0.005056479678034219,0.0,0.00010001,0.7470413944034615
0.01280813251857047,9.16666666666667e-06,0.0001416725,0.7474561005007152
0.01816695830239687,-7.500000000000001e-06,0.0001916675,0.6143552325405964
0.01816695830239687,-5e-06,0.0001916675,0.6557499559597202
0.0069306276875979985,8.333333333333344e-07,0.00010834250000000001,0.7470818081064965
0.0014890042053787669,1e-05,5.83475e-05,0.7480584066691397
0.015379205553472641,8.333333333333344e-07,0.00016667,0.7470317380016054
0.017320243556933856,-6.666666666666667e-06,0.000183335,0.6278554443314432
0.0036627261044479163,-7.500000000000001e-06,9.16775e-05,0.6142743265924224
0.009178721398157914,-4.166666666666667e-06,0.000116675,0.6701521138373312
0.0013824847051033201,2.5000000000000015e-06,5.0015e-05,0.7474172970363842
0.0020715492374764263,5.833333333333336e-06,7.50125e-05,0.7475262865737932
0.0014890042053787669,-2.4999999999999998e-06,5.83475e-05,0.699964795238599
0.01816695830239687,-8.333333333333334e-06,0.0001916675,0.6011395362810059
0.009178721398157914,8.333333333333344e-07,0.000116675,0.7470719825654064
0.002697060212821478,-5e-06,8.334500000000001e-05,0.6557287590883696
0.002697060212821478,-1e-05,8.334500000000001e-05,0.5753632616668207
0.002697060212821478,-2.4999999999999998e-06,8.334500000000001e-05,0.6999377889988397
0.0014890042053787669,3.333333333333334e-06,5.83475e-05,0.7474318944134856
0.014358159199151631,1.666666666666667e-06,0.0001583375,0.7470745646174506
0.01280813251857047,4.166666666666667e-06,0.0001416725,0.7472114608346976
0.0020715492374764263,-8.333333333333327e-07,7.50125e-05,0.731031966419166
0.0014890042053787669,6.666666666666667e-06,5.83475e-05,0.7477447341094752
0.018987170448895287,6.666666666666667e-06,0.0002,0.7472416771406649
0.015379205553472641,8.333333333333335e-06,0.00016667,0.7473602114777207
0.018987170448895287,-6.666666666666667e-06,0.0002,0.6278604984546888
0.014358159199151631,8.333333333333344e-07,0.0001583375,0.7470368442676373
0.011026916861069495,-5.833333333333334e-06,0.00012500749999999999,0.6416352855889462
0.016395808585639833,-1.666666666666667e-06,0.00017500249999999998,0.715263806757082
0.01280813251857047,-7.500000000000001e-06,0.0001416725,0.6143278013065734
0.015379205553472641,-6.666666666666667e-06,0.00016667,0.6278494862667495
0.009178721398157914,-8.333333333333334e-06,0.000116675,0.6010765760224229
0.002697060212821478,-4.166666666666667e-06,8.334500000000001e-05,0.6701521835370373
0.018987170448895287,-7.500000000000001e-06,0.0002,0.6143585889240245
0.005056479678034219,-4.166666666666667e-06,0.00010001,0.6701522103116625
0.002697060212821478,1.666666666666667e-06,8.334500000000001e-05,0.7471815083561697
0.009178721398157914,1.666666666666667e-06,0.000116675,0.7471184655544639
0.016395808585639833,8.333333333333344e-07,0.00017500249999999998,0.7470270740512445
0.013483840600403363,-1e-05,0.00015000499999999998,0.5755041520600751
0.014358159199151631,-8.333333333333327e-07,0.0001583375,0.7309640972320427
0.017320243556933856,-3.3333333333333333e-06,0.000183335,0.6848668703518246
0.014358159199151631,-9.166666666666668e-06,0.0001583375,0.5881785766920032
0.013483840600403363,-5e-06,0.00015000499999999998,0.6557452154513137
0.018987170448895287,1e-05,0.0002,0.7473713117044146
0.002697060212821478,7.500000000000001e-06,8.334500000000001e-05,0.7475960001027798
0.01280813251857047,-5.833333333333334e-06,0.0001416725,0.6416415136138339
0.014358159199151631,8.333333333333335e-06,0.0001583375,0.7473768128569379
0.014358159199151631,-5.833333333333334e-06,0.0001583375,0.641646552536935
0.017320243556933856,5.000000000000001e-06,0.000183335,0.7471939840671118
0.014358159199151631,5.000000000000001e-06,0.0001583375,0.7472255808741193
0.0069306276875979985,8.333333333333335e-06,0.00010834250000000001,0.7475229974421921
0.009178721398157914,1e-05,0.000116675,0.7475843844399169
0.01280813251857047,8.333333333333344e-07,0.0001416725,0.7470486776466699
0.01280813251857047,3.333333333333334e-06,0.0001416725,0.747170741784348
0.014358159199151631,-6.666666666666667e-06,0.0001583375,0.6278460852951959
0.01280813251857047,1.666666666666667e-06,0.0001416725,0.7470893501917247
0.012124423946994685,-8.333333333333334e-06,0.00013334,0.6010959836271687
0.01280813251857047,2.5000000000000015e-06,0.0001416725,0.7471300382297177
0.012124423946994685,1e-05,0.00013334,0.7475228716452229
0.01816695830239687,-1.666666666666667e-06,0.0001916675,0.7152595292385117
0.0069306276875979985,-5.833333333333334e-06,0.00010834250000000001,0.6416273882220049
0.005056479678034219,-1.666666666666667e-06,0.00010001,0.7152980911276495
0.017320243556933856,-5.833333333333334e-06,0.000183335,0.6416525358840821
0.009178721398157914,-6.666666666666667e-06,0.000116675,0.627822716973922
0.005056479678034219,5.000000000000001e-06,0.00010001,0.7473522016263663
0.015379205553472641,-8.333333333333327e-07,0.00016667,0.730960792341055
0.016395808585639833,-5e-06,0.00017500249999999998,0.655748308587593
0.015379205553472641,5.833333333333336e-06,0.00016667,0.74725060642539
0.013483840600403363,-6.666666666666667e-06,0.00015000499999999998,0.6278423450707621
0.009178721398157914,-7.500000000000001e-06,0.000116675,0.6143064089784771
0.016395808585639833,-4.166666666666667e-06,0.00017500249999999998,0.6701517936697345
0.014358159199151631,6.666666666666667e-06,0.0001583375,0.747301169904417
0.013483840600403363,1.666666666666667e-06,0.00015000499999999998,0.747081584807697
0.014358159199151631,7.500000000000001e-06,0.0001583375,0.7473389846448744
0.013483840600403363,-8.333333333333327e-07,0.00015000499999999998,0.7309677322495985
0.018987170448895287,1.666666666666667e-06,0.0002,0.7470475294515374
0.012124423946994685,6.666666666666667e-06,0.00013334,0.7473527165299545
0.013483840600403363,4.166666666666667e-06,0.00015000499999999998,0.7471990375755794
0.011026916861069495,-8.333333333333334e-06,0.00012500749999999999,0.6010868482979735
0.001321608058315641,4.166666666666667e-06,4.1682500000000006e-05,0.7477152350322588
0.017320243556933856,-7.500000000000001e-06,0.000183335,0.6143516029433779
0.01816695830239687,-1e-05,0.0001916675,0.5755455519756558
0.009178721398157914,6.666666666666667e-06,0.000116675,0.747397779373981
0.016395808585639833,5.833333333333336e-06,0.00017500249999999998,0.7472389501479485
0.005056479678034219,-9.166666666666668e-06,0.00010001,0.5880960257793618
0.01280813251857047,8.333333333333335e-06,0.0001416725,0.7474152885026718
0.0069306276875979985,0.0,0.00010834250000000001,0.747032895821927
0.014358159199151631,-7.500000000000001e-06,0.0001583375,0.6143386732609136
0.016395808585639833,4.166666666666667e-06,0.00017500249999999998,0.7471682771048432
0.018987170448895287,-4.166666666666667e-06,0.0002,0.6701516929810626
0.018987170448895287,8.333333333333344e-07,0.0002,0.7470152069872837
0.009178721398157914,7.500000000000001e-06,0.000116675,0.7474444009709278
0.015379205553472641,1.666666666666667e-06,0.00016667,0.7470681844338258
0.0016959089163493736,-5.833333333333334e-06,6.668e-05,0.6415901760290388
0.002697060212821478,-3.3333333333333333e-06,8.334500000000001e-05,0.6848863438959173
0.016395808585639833,5.000000000000001e-06,0.00017500249999999998,0.7472036076708248
0.0069306276875979985,4.166666666666667e-06,0.00010834250000000001,0.7472776747863588
0.016395808585639833,-8.333333333333334e-06,0.00017500249999999998,0.6011297707558474
0.009178721398157914,-1.666666666666667e-06,0.000116675,0.7152871161977352
0.016395808585639833,-1e-05,0.00017500249999999998,0.5755311189024561
0.016395808585639833,1.666666666666667e-06,0.00017500249999999998,0.7470623569369343
0.012124423946994685,-5.833333333333334e-06,0.00013334,0.6416385723309292
0.0036627261044479163,-6.666666666666667e-06,9.16775e-05,0.6277994468865902
0.01816695830239687,-4.166666666666667e-06,0.0001916675,0.6701517252254523
0.001321608058315641,-9.166666666666668e-06,4.1682500000000006e-05,0.5877860957748491
0.017320243556933856,-1.666666666666667e-06,0.000183335,0.7152615809190261
0.017320243556933856,-2.4999999999999998e-06,0.000183335,0.6999011982244784
0.005056479678034219,-2.4999999999999998e-06,0.00010001,0.6999271238578055
0.01280813251857047,-3.3333333333333333e-06,0.0001416725,0.6848719935366079
0.017320243556933856,1.666666666666667e-06,0.000183335,0.7470570101280344
0.009178721398157914,5.000000000000001e-06,0.000116675,0.7473045955821767
0.011026916861069495,-3.3333333333333333e-06,0.00012500749999999999,0.6848748744562803
0.012124423946994685,-4.166666666666667e-06,0.00013334,0.670151995650039
0.014358159199151631,-4.166666666666667e-06,0.0001583375,0.6701518683087736
0.0011660878472401904,0.0,2.50175e-05,0.7473893195418159
0.011026916861069495,3.333333333333334e-06,0.00012500749999999999,0.7471963349175117
0.01816695830239687,3.333333333333334e-06,0.0001916675,0.7471185800866995
0.011026916861069495,-1e-05,0.00012500749999999999,0.5754677379079772
0.009178721398157914,3.333333333333334e-06,0.000116675,0.747211490959536
0.011026916861069495,5.000000000000001e-06,0.00012500749999999999,0.7472851071861765
0.017320243556933856,8.333333333333335e-06,0.000183335,0.7473311381974203
0.0002934339807680495,1e-05,8.3525e-06,0.7715619517525077
0.017320243556933856,2.5000000000000015e-06,0.000183335,0.747091236702177
0.016395808585639833,6.666666666666667e-06,0.00017500249999999998,0.7472743045562108
0.017320243556933856,4.166666666666667e-06,0.000183335,0.7471597236863826
0.002697060212821478,4.166666666666667e-06,8.334500000000001e-05,0.7473589625740661
0.013483840600403363,2.5000000000000015e-06,0.00015000499999999998,0.7471207212930022
0.0014890042053787669,-4.166666666666667e-06,5.83475e-05,0.6701515221211802
0.002697060212821478,-9.166666666666668e-06,8.334500000000001e-05,0.5880525739823647
