depth_averaged_u,ws,output
-0.08249050207112041,-1.764705882352941e-05,1.152512013775221
-0.1941352744129589,0.0,1.5816853056444111
-0.17955978797919223,-5.294117647058824e-05,0.3946114710798232
-0.212017631502715,-5.88235294117647e-06,1.347390865366535
-0.24388302526364117,-5.294117647058824e-05,0.39077494869086726
-0.1941352744129589,9.411764705882353e-05,1.8764134801224772
-0.20769130346521952,8.823529411764706e-05,1.8120479264594085
-0.13311232928721659,7.058823529411765e-05,2.1761414050575065
-0.1744311301120619,-5.882352941176471e-05,0.33650002103462906
-0.2475782165448223,2.3529411764705894e-05,1.5903653836707883
-0.10223992151329779,4.7058823529411774e-05,2.4728055451783626
-0.17955978797919223,1.764705882352941e-05,1.6589261371637034
-0.189401327204888,8.823529411764706e-05,1.8756272323186978
-0.18454610836649227,-2.352941176470588e-05,0.8633105466798797
-0.1941352744129589,2.3529411764705894e-05,1.6524849946728646
-0.2401310239436389,-7.058823529411765e-05,0.24434634562038787
-0.05560654492698021,5.88235294117647e-06,4.069723827024035
-0.23631950898352433,6.470588235294118e-05,1.6894184325393091
-0.22449736197093864,7.058823529411765e-05,1.7242195153665192
-0.2032730051585156,6.470588235294118e-05,1.7564192462482293
-0.16914719323928287,4.7058823529411774e-05,1.8010258053245243
-0.1744311301120619,8.23529411764706e-05,1.921354718177251
-0.13311232928721659,1.764705882352941e-05,1.8048916720394002
-0.16914719323928287,-1.764705882352941e-05,1.0166724125127828
-0.16914719323928287,0.0001,2.024781583835173
-0.11077472015442899,5.2941176470588244e-05,2.356810904075718
-0.2475782165448223,-0.0001,0.11041797753489892
-0.13976483270316054,-5.882352941176471e-05,0.3353740606731394
-0.2032730051585156,2.9411764705882364e-05,1.6548741537285883
-0.16369294279221586,4.1176470588235304e-05,1.7966923112917468
-0.11077472015442899,1.176470588235294e-05,1.9041333407365706
-0.12610876329917012,-2.352941176470588e-05,0.8991069254768348
-0.1744311301120619,-7.647058823529412e-05,0.20728598823804453
-0.1186911766958616,-1.764705882352941e-05,1.0682656024263149
-0.2512191026843566,4.1176470588235304e-05,1.621428614648574
-0.17955978797919223,-4.705882352941177e-05,0.46247245832878126
-0.189401327204888,-3.529411764705882e-05,0.6314776775571971
-0.23631950898352433,8.823529411764706e-05,1.7419085744913705
-0.07045591111654366,7.058823529411765e-05,5.4093847346366655
-0.23631950898352433,-0.0001,0.11018445762460688
-0.0929083398134515,-8.23529411764706e-05,0.1548513249657944
-0.189401327204888,4.1176470588235304e-05,1.7181073157269375
-0.2032730051585156,-6.470588235294117e-05,0.28664005116556845
-0.1186911766958616,-5.294117647058824e-05,0.393041178308157
-0.16914719323928287,8.23529411764706e-05,1.949354418669748
-0.212017631502715,7.058823529411765e-05,1.7513920659389621
-0.1941352744129589,1.176470588235294e-05,1.61671772699871
-0.0929083398134515,0.0,1.9188061237536256
-0.11077472015442899,-1.176470588235294e-05,1.2782884852213958
-0.19875660888170582,-4.705882352941177e-05,0.4605884986903008
-0.20769130346521952,2.9411764705882364e-05,1.6480275431105507
-0.05560654492698021,5.8823529411764714e-05,9.731608138333753
-0.16369294279221586,0.0,1.6189139069028258
-0.2512191026843566,5.8823529411764714e-05,1.6559870972116089
-0.19875660888170582,4.7058823529411774e-05,1.7149521365579363
-0.23631950898352433,-4.11764705882353e-05,0.5337275841132864
-0.212017631502715,6.470588235294118e-05,1.7354886154135831
-0.20769130346521952,2.3529411764705894e-05,1.6321312064287117
-0.13311232928721659,-4.11764705882353e-05,0.5487185569662598
-0.23244555528233687,2.3529411764705894e-05,1.6037617119519132
-0.2512191026843566,-5.88235294117647e-06,1.32801449035002
-0.05560654492698021,-9.411764705882353e-05,0.05225988846723655
-0.05560654492698021,-3.529411764705882e-05,0.5912836856186657
-0.0929083398134515,-1.176470588235294e-05,1.3429054253746118
-0.2204159066323803,-0.0001,0.10975617584546776
-0.12610876329917012,-7.647058823529412e-05,0.2009816600297977
-0.1186911766958616,5.88235294117647e-06,1.7903377550981194
-0.17955978797919223,0.0,1.5972162256939477
-0.0929083398134515,6.470588235294118e-05,3.0704176658676827
-0.2162575042797413,7.647058823529412e-05,1.7570050384985452
-0.19875660888170582,-0.0001,0.1089160772419597
-0.11077472015442899,-8.23529411764706e-05,0.16452697452096238
-0.1744311301120619,-4.705882352941177e-05,0.46296630680384476
-0.15805074188554172,-6.470588235294117e-05,0.28592516897745474
-0.2512191026843566,1.176470588235294e-05,1.565253160035782
-0.08249050207112041,9.411764705882353e-05,4.460211107171102
-0.08249050207112041,-7.058823529411765e-05,0.21360303719092533
-0.2285059899670351,-5.294117647058824e-05,0.39170838470988983
-0.2401310239436389,6.470588235294118e-05,1.683455163591005
-0.2204159066323803,1.764705882352941e-05,1.6022609600021998
-0.20769130346521952,9.411764705882353e-05,1.8288584670521342
-0.2475782165448223,-5.294117647058824e-05,0.3905555506257007
-0.11077472015442899,5.8823529411764714e-05,2.4215214840854933
-0.189401327204888,5.2941176470588244e-05,1.7569636335719852
-0.03498838906088726,8.823529411764706e-05,149.84738358243445
-0.2512191026843566,-2.941176470588235e-05,0.7234701504691096
-0.0929083398134515,2.9411764705882364e-05,2.4459822167331793
-0.23244555528233687,-4.11764705882353e-05,0.5341894229767077
-0.2285059899670351,2.3529411764705894e-05,1.6076769786836367
-0.2475782165448223,6.470588235294118e-05,1.672591003993457
-0.2512191026843566,-8.23529411764706e-05,0.17813072608506553
-0.19875660888170582,5.88235294117647e-06,1.5940687968293175
-0.1186911766958616,8.23529411764706e-05,2.496150940879075
-0.07045591111654366,-1.176470588235294e-05,1.5047741047355279
-0.0929083398134515,-7.647058823529412e-05,0.18618806067621427
-0.2401310239436389,5.8823529411764714e-05,1.6708481099061923
-0.23244555528233687,4.7058823529411774e-05,1.655891137058325
-0.1941352744129589,-4.11764705882353e-05,0.5393429007716379
-0.22449736197093864,-7.647058823529412e-05,0.20860365106736434
-0.13311232928721659,-8.23529411764706e-05,0.1710040135285723
-0.10223992151329779,-5.88235294117647e-06,1.5484756529675197
-0.2401310239436389,1.176470588235294e-05,1.572590102190709
-0.13976483270316054,2.9411764705882364e-05,1.846104061274585
-0.16369294279221586,-1.764705882352941e-05,1.0204896987957919
-0.08249050207112041,7.058823529411765e-05,3.8639510544495925
-0.03498838906088726,-5.882352941176471e-05,0.0619111058386882
-0.2204159066323803,-6.470588235294117e-05,0.286391771093335
-0.15219966941303362,-0.0001,0.10521683304836925
-0.0929083398134515,2.3529411764705894e-05,2.340501868046352
-0.11077472015442899,-8.823529411764706e-05,0.1378354193377896
-0.13311232928721659,2.9411764705882364e-05,1.8864606993903426
-0.24388302526364117,-4.705882352941177e-05,0.4564575005716316
-0.189401327204888,3.5294117647058834e-05,1.6988375742496047
-0.12610876329917012,1.764705882352941e-05,1.8448065711133985
-0.13311232928721659,-3.529411764705882e-05,0.6460438052431338
-0.23631950898352433,0.0,1.5510151961842575
-0.24388302526364117,-3.529411764705882e-05,0.6216590840988684
-0.2512191026843566,6.470588235294118e-05,1.6676267916535013
-0.23631950898352433,4.1176470588235304e-05,1.637925485640055
-0.1744311301120619,6.470588235294118e-05,1.8513042319541695
-0.16369294279221586,-2.352941176470588e-05,0.873222963070293
-0.08249050207112041,7.647058823529412e-05,4.012102844746811
-0.212017631502715,-9.411764705882353e-05,0.1287325638058763
-0.13311232928721659,-1.764705882352941e-05,1.04882577328923
-0.212017631502715,8.823529411764706e-05,1.7995140355135308
-0.03498838906088726,-2.941176470588235e-05,0.5490363127688155
-0.08249050207112041,1.176470588235294e-05,2.3706778806332833
-0.2475782165448223,8.23529411764706e-05,1.7087536755937578
-0.212017631502715,4.7058823529411774e-05,1.6882266569141544
-0.08249050207112041,-7.647058823529412e-05,0.17662674672634734
-0.2285059899670351,1.764705882352941e-05,1.594469580592579
-0.20769130346521952,-4.705882352941177e-05,0.4597222870959593
-0.2285059899670351,-7.058823529411765e-05,0.24444521665633628
-0.23631950898352433,0.0001,1.768491070106041
-0.212017631502715,-5.882352941176471e-05,0.33556889054409783
-0.2401310239436389,-2.352941176470588e-05,0.84546105210159
-0.14611458732037944,4.7058823529411774e-05,1.9133323423555448
-0.20769130346521952,1.764705882352941e-05,1.6163604047288
-0.2475782165448223,4.1176470588235304e-05,1.6251916975416325
-0.19875660888170582,2.3529411764705894e-05,1.6450663982165388
-0.2032730051585156,7.647058823529412e-05,1.7909329792922373
-0.2475782165448223,7.058823529411765e-05,1.6845905482385488
-0.2475782165448223,2.9411764705882364e-05,1.6018967715358616
-0.10223992151329779,0.0001,3.1954435853990106
-0.17955978797919223,5.88235294117647e-06,1.6175398910241405
-0.13311232928721659,-8.823529411764706e-05,0.14421484411389854
-0.08249050207112041,5.8823529411764714e-05,3.5689066528066173
-0.17955978797919223,7.647058823529412e-05,1.87466974118901
-0.20769130346521952,-9.411764705882353e-05,0.12857897837224452
-0.12610876329917012,2.9411764705882364e-05,1.9377820685752727
-0.16369294279221586,-5.88235294117647e-06,1.389561782740304
-0.0929083398134515,-5.294117647058824e-05,0.3825103804776109
-0.22449736197093864,-2.352941176470588e-05,0.8495572206957117
-0.189401327204888,-5.88235294117647e-06,1.3635186474040901
-0.05560654492698021,7.647058823529412e-05,11.604984324399268
-0.212017631502715,-4.705882352941177e-05,0.4593095491834752
-0.23631950898352433,-2.352941176470588e-05,0.8464076946647626
-0.17955978797919223,4.1176470588235304e-05,1.7438562742406407
-0.05560654492698021,2.9411764705882364e-05,6.686078526176629
-0.13976483270316054,5.8823529411764714e-05,2.0305970346585624
-0.11077472015442899,-3.529411764705882e-05,0.6516849377166392
-0.2204159066323803,2.9411764705882364e-05,1.6305888527198327
-0.10223992151329779,4.1176470588235304e-05,2.3929629829666768
-0.2285059899670351,-5.882352941176471e-05,0.3349502340614449
-0.03498838906088726,8.23529411764706e-05,143.6769777991889
-0.12610876329917012,5.8823529411764714e-05,2.1723745508902628
-0.20769130346521952,-6.470588235294117e-05,0.2865905638659769
-0.16369294279221586,-5.294117647058824e-05,0.39527049109368734
-0.2162575042797413,8.823529411764706e-05,1.7879910693138246
-0.189401327204888,-8.23529411764706e-05,0.17691436623795562
-0.14611458732037944,-4.11764705882353e-05,0.5469158761651243
-0.2512191026843566,0.0,1.5433971826885768
-0.2512191026843566,4.7058823529411774e-05,1.6328850463287217
-0.10223992151329779,-2.352941176470588e-05,0.9237444650760903
-0.14611458732037944,0.0001,2.2186772116474356
-0.12610876329917012,-5.88235294117647e-06,1.4581796094232942
-0.19875660888170582,8.823529411764706e-05,1.840748783428086
-0.2204159066323803,0.0,1.5607017368110432
-0.08249050207112041,-2.352941176470588e-05,0.9492927966386682
-0.11077472015442899,-1.764705882352941e-05,1.0814762631353403
-0.15219966941303362,-9.411764705882353e-05,0.1245609384980127
-0.2162575042797413,-4.705882352941177e-05,0.45891018829046915
-0.18454610836649227,-5.294117647058824e-05,0.39435248903672837
-0.189401327204888,4.7058823529411774e-05,1.7374858047293196
-0.24388302526364117,7.058823529411765e-05,1.6901801262386835
-0.22449736197093864,5.88235294117647e-06,1.5713021682866628
-0.05560654492698021,-8.823529411764706e-05,0.06948662456651035
-0.0929083398134515,3.5294117647058834e-05,2.5508754069255284
-0.20769130346521952,5.88235294117647e-06,1.585249971347272
-0.23631950898352433,4.7058823529411774e-05,1.650695055570362
-0.23244555528233687,9.411764705882353e-05,1.7635228520078445
-0.10223992151329779,2.3529411764705894e-05,2.1523368391110127
-0.212017631502715,5.8823529411764714e-05,1.719657461746434
-0.2032730051585156,5.88235294117647e-06,1.5894711985514594
-0.13311232928721659,-9.411764705882353e-05,0.12148114123121734
-0.2475782165448223,-9.411764705882353e-05,0.1295725773619081
-0.08249050207112041,-8.823529411764706e-05,0.11964268536456904
-0.22449736197093864,-5.882352941176471e-05,0.335105369180064
-0.1941352744129589,8.23529411764706e-05,1.8382524249983774
-0.2162575042797413,-8.823529411764706e-05,0.15139674640269496
-0.23631950898352433,-4.705882352941177e-05,0.4571014826462248
-0.24388302526364117,8.823529411764706e-05,1.7274816265030148
-0.1744311301120619,-1.764705882352941e-05,1.0132369779751862
-0.17955978797919223,-5.88235294117647e-06,1.372282173140925
-0.23631950898352433,9.411764705882353e-05,1.7551724771223776
-0.2512191026843566,1.764705882352941e-05,1.57632443673182
-0.212017631502715,-1.176470588235294e-05,1.1579423459563887
-0.23631950898352433,-8.823529411764706e-05,0.15181044666140883
-0.2204159066323803,2.3529411764705894e-05,1.616369834656385
-0.22449736197093864,-5.294117647058824e-05,0.39195578133946235
-0.2032730051585156,-7.647058823529412e-05,0.20833312968772402
-0.07045591111654366,-1.764705882352941e-05,1.2001109130385255
-0.16369294279221586,7.058823529411765e-05,1.9282601621138105
-0.1744311301120619,-0.0001,0.10742590588596146
-0.2204159066323803,-2.941176470588235e-05,0.7296796651987384
-0.212017631502715,1.764705882352941e-05,1.6112852019069843
-0.18454610836649227,-2.941176470588235e-05,0.7392846865375766
-0.07045591111654366,-2.941176470588235e-05,0.7801014083129018
-0.19875660888170582,4.1176470588235304e-05,1.697317447286405
-0.13976483270316054,-4.11764705882353e-05,0.5478457779978629
-0.15805074188554172,-1.764705882352941e-05,1.0247625196444003
-0.2401310239436389,0.0001,1.7602993396414726
-0.17955978797919223,0.0001,1.963633527620822
-0.15219966941303362,3.5294117647058834e-05,1.8169019894133518
-0.12610876329917012,8.823529411764706e-05,2.4093908886697437
-0.19875660888170582,8.23529411764706e-05,1.8225489007041586
-0.2475782165448223,5.2941176470588244e-05,1.6487660541124582
-0.2162575042797413,7.058823529411765e-05,1.7416103481403538
-0.15219966941303362,6.470588235294118e-05,1.970032574622653
-0.0929083398134515,-5.88235294117647e-06,1.6070558138084912
-0.189401327204888,0.0001,1.9158211218617316
-0.17955978797919223,-5.882352941176471e-05,0.336445658164626
-0.16369294279221586,-4.11764705882353e-05,0.5441217207912191
-0.1186911766958616,9.411764705882353e-05,2.606653391952973
-0.10223992151329779,-6.470588235294117e-05,0.2735718244423164
-0.2032730051585156,-5.294117647058824e-05,0.3932669557469714
-0.18454610836649227,8.823529411764706e-05,1.896058578764041
-0.07045591111654366,4.1176470588235304e-05,4.176697072114358
-0.2032730051585156,-3.529411764705882e-05,0.628599765026651
-0.14611458732037944,-8.23529411764706e-05,0.17325041592263898
-0.23631950898352433,-6.470588235294117e-05,0.2860623537906049
-0.10223992151329779,9.411764705882353e-05,3.1141142888512303
-0.2401310239436389,-1.764705882352941e-05,0.9845843425949157
-0.12610876329917012,6.470588235294118e-05,2.219530149052639
-0.189401327204888,8.23529411764706e-05,1.855649167989297
-0.13976483270316054,8.823529411764706e-05,2.2177184717334444
-0.1744311301120619,9.411764705882353e-05,1.9684995773771976
-0.16369294279221586,-8.823529411764706e-05,0.14857470553911156
-0.20769130346521952,-1.764705882352941e-05,0.9961527757707119
-0.1941352744129589,-0.0001,0.1086859903513472
-0.16369294279221586,7.647058823529412e-05,1.9548640271321291
-0.22449736197093864,-3.529411764705882e-05,0.6247209879731893
-0.2162575042797413,2.3529411764705894e-05,1.6212167629574334
-0.1941352744129589,1.764705882352941e-05,1.634519979983883
-0.03498838906088726,1.764705882352941e-05,53.837782222809466
-0.15805074188554172,-7.058823529411765e-05,0.2428369539085934
-0.1941352744129589,-4.705882352941177e-05,0.46104173390624853
-0.1744311301120619,5.2941176470588244e-05,1.8050530712998831
-0.07045591111654366,0.0001,6.667045550230154
-0.23631950898352433,5.8823529411764714e-05,1.6764451288062572
-0.212017631502715,-0.0001,0.10947149681127585
-0.11077472015442899,-4.11764705882353e-05,0.5499179341488039
-0.11077472015442899,3.5294117647058834e-05,2.1626779808565475
-0.17955978797919223,6.470588235294118e-05,1.8307009686903146
-0.2401310239436389,5.2941176470588244e-05,1.6583038224527895
-0.17955978797919223,-2.941176470588235e-05,0.7408849199487852
-0.2285059899670351,7.058823529411765e-05,1.7164513958456231
-0.2512191026843566,-8.823529411764706e-05,0.15199962607438414
-0.13311232928721659,-5.294117647058824e-05,0.3949174785339475
-0.1744311301120619,-8.823529411764706e-05,0.14947153590359402
-0.12610876329917012,-0.0001,0.10069991888878017
-0.1744311301120619,-1.176470588235294e-05,1.181929949604297
-0.0929083398134515,-0.0001,0.08775091283950774
-0.2475782165448223,-7.647058823529412e-05,0.2086431848152535
-0.2401310239436389,-9.411764705882353e-05,0.12944643566971284
-0.12610876329917012,2.3529411764705894e-05,1.8911789977235711
-0.19875660888170582,6.470588235294118e-05,1.7683938737459997
-0.07045591111654366,5.88235294117647e-06,2.634035588243274
-0.15805074188554172,-4.11764705882353e-05,0.5450349462304633
-0.189401327204888,-1.764705882352941e-05,1.004694382313286
-0.2285059899670351,7.647058823529412e-05,1.7303650663199197
-0.11077472015442899,-2.352941176470588e-05,0.9140417260024446
-0.13976483270316054,-0.0001,0.10341202421998122
-0.19875660888170582,0.0001,1.877368110516556
-0.20769130346521952,-8.23529411764706e-05,0.17754608442801623
-0.08249050207112041,4.1176470588235304e-05,3.12670696280873
-0.13976483270316054,-8.23529411764706e-05,0.17225398682377457
-0.16914719323928287,5.8823529411764714e-05,1.8500915927217543
-0.13976483270316054,-7.058823529411765e-05,0.24079245396217655
-0.212017631502715,-1.764705882352941e-05,0.994376938347285
-0.15805074188554172,-4.705882352941177e-05,0.46442775994441343
-0.2512191026843566,9.411764705882353e-05,1.7266294137419833
-0.05560654492698021,9.411764705882353e-05,13.542626394932002
-0.05560654492698021,-5.882352941176471e-05,0.2440262243325298
-0.14611458732037944,-4.705882352941177e-05,0.46525750132212945
-0.10223992151329779,6.470588235294118e-05,2.7120660258133884
-0.16914719323928287,-6.470588235294117e-05,0.2864052282177995
-0.2162575042797413,-5.294117647058824e-05,0.39246662741477256
-0.15219966941303362,-4.705882352941177e-05,0.4648708239489631
-0.08249050207112041,8.823529411764706e-05,4.3101685308392605
-0.16914719323928287,5.88235294117647e-06,1.6337465314983315
-0.16369294279221586,-0.0001,0.10648999839789973
-0.07045591111654366,-0.0001,0.06607787437093665
-0.2285059899670351,0.0001,1.7866160523056789
-0.2512191026843566,3.5294117647058834e-05,1.6100399560898737
-0.24388302526364117,-1.764705882352941e-05,0.9834688122970756
-0.08249050207112041,2.9411764705882364e-05,2.828606038627081
-0.15805074188554172,7.058823529411765e-05,1.9616504759294062
-0.15219966941303362,5.2941176470588244e-05,1.9084615826031852
-0.20769130346521952,0.0001,1.845737028345911
-0.11077472015442899,2.3529411764705894e-05,2.0331194960814187
-0.12610876329917012,3.5294117647058834e-05,1.9845342216530866
-0.18454610836649227,2.3529411764705894e-05,1.66976634370595
-0.2032730051585156,-5.882352941176471e-05,0.3358661755832484
-0.2475782165448223,1.176470588235294e-05,1.5675620564279147
-0.13976483270316054,-1.176470588235294e-05,1.2197376539229257
-0.03498838906088726,5.8823529411764714e-05,116.04218690832043
-0.18454610836649227,1.764705882352941e-05,1.649899772078137
-0.14611458732037944,-5.294117647058824e-05,0.39546529507728756
-0.13311232928721659,-2.352941176470588e-05,0.893256951667092
-0.0929083398134515,8.23529411764706e-05,3.383134255324738
-0.0929083398134515,-8.823529411764706e-05,0.128484011898439
-0.08249050207112041,5.2941176470588244e-05,3.4216997138764045
-0.08249050207112041,-9.411764705882353e-05,0.09794779237469393
-0.212017631502715,-7.647058823529412e-05,0.20848062046641963
-0.13976483270316054,-3.529411764705882e-05,0.6441575771072335
-0.22449736197093864,-6.470588235294117e-05,0.2863141397280367
-0.1941352744129589,5.2941176470588244e-05,1.7442064359820146
-0.12610876329917012,-4.11764705882353e-05,0.5494606438378337
-0.2285059899670351,-8.823529411764706e-05,0.15167462256454564
-0.24388302526364117,-4.11764705882353e-05,0.5328555638015683
-0.10223992151329779,8.823529411764706e-05,3.0331345702410584
-0.1744311301120619,0.0001,1.9922098954739953
-0.18454610836649227,0.0,1.5915042671652917
-0.23631950898352433,2.9411764705882364e-05,1.612620117924871
-0.24388302526364117,-2.941176470588235e-05,0.7248140207176968
-0.16914719323928287,-5.294117647058824e-05,0.3950796197883271
-0.10223992151329779,2.9411764705882364e-05,2.232736072051298
-0.14611458732037944,-9.411764705882353e-05,0.12372965481497149
-0.2285059899670351,4.7058823529411774e-05,1.6614493279373295
-0.18454610836649227,5.8823529411764714e-05,1.79176883211927
-0.05560654492698021,-7.058823529411765e-05,0.1520684699947475
-0.12610876329917012,-2.941176470588235e-05,0.7636124049832692
-0.15805074188554172,-3.529411764705882e-05,0.639090578897364
-0.16369294279221586,-7.647058823529412e-05,0.20655867556720717
-0.1186911766958616,-8.23529411764706e-05,0.1673253323655653
-0.2285059899670351,-7.647058823529412e-05,0.20862560226728608
-0.23244555528233687,-0.0001,0.11009178864319469
-0.1186911766958616,7.058823529411765e-05,2.386393968328947
-0.18454610836649227,6.470588235294118e-05,1.8124596808395868
-0.189401327204888,-5.294117647058824e-05,0.394085009725692
-0.2285059899670351,-1.764705882352941e-05,0.9883037077844811
-0.19875660888170582,-7.058823529411765e-05,0.24441443573011074
-0.22449736197093864,9.411764705882353e-05,1.7820684910019404
-0.16369294279221586,-9.411764705882353e-05,0.12584162218980657
-0.14611458732037944,1.176470588235294e-05,1.7154189650133371
-0.1186911766958616,5.2941176470588244e-05,2.2227093895303733
-0.23631950898352433,-1.176470588235294e-05,1.147295987033389
-0.07045591111654366,3.5294117647058834e-05,3.9290376821093256
-0.15805074188554172,6.470588235294118e-05,1.9331125250986798
-0.12610876329917012,9.411764705882353e-05,2.4572563992657463
-0.15805074188554172,1.764705882352941e-05,1.708924838376709
-0.19875660888170582,5.2941176470588244e-05,1.7326805105075034
-0.1186911766958616,2.3529411764705894e-05,1.9510584148343872
-0.24388302526364117,0.0,1.5469940111121518
-0.15219966941303362,5.8823529411764714e-05,1.939197979329956
-0.15805074188554172,8.823529411764706e-05,2.0478594905409877
-0.189401327204888,-1.176470588235294e-05,1.1709433612155242
-0.13976483270316054,-1.764705882352941e-05,1.041420740604788
-0.11077472015442899,0.0001,2.8787086115592637
-0.1186911766958616,1.176470588235294e-05,1.8434139995017635
-0.19875660888170582,9.411764705882353e-05,1.859021780016297
-0.13976483270316054,1.764705882352941e-05,1.7733806224971587
-0.17955978797919223,-1.176470588235294e-05,1.1779038561289215
-0.2032730051585156,0.0,1.5735287512122484
-0.1744311301120619,5.8823529411764714e-05,1.8281320561831103
-0.2204159066323803,5.2941176470588244e-05,1.6884021441408263
-0.15219966941303362,4.7058823529411774e-05,1.877826887245421
-0.07045591111654366,-8.823529411764706e-05,0.10367156404234448
-0.189401327204888,-5.882352941176471e-05,0.3362586446772515
-0.212017631502715,9.411764705882353e-05,1.8156877238494553
-0.10223992151329779,-2.941176470588235e-05,0.7766269309184076
-0.20769130346521952,-1.176470588235294e-05,1.1601598290115864
-0.24388302526364117,-5.88235294117647e-06,1.3310436498361993
-0.18454610836649227,9.411764705882353e-05,1.917163773613106
-0.189401327204888,2.3529411764705894e-05,1.6606742328755686
-0.16914719323928287,-7.058823529411765e-05,0.2435609684454837
-0.22449736197093864,5.2941176470588244e-05,1.6815059802729029
-0.24388302526364117,3.5294117647058834e-05,1.6171811709603823
-0.15219966941303362,-3.529411764705882e-05,0.6406748889175261
-0.0929083398134515,1.176470588235294e-05,2.128396184085845
-0.16369294279221586,-7.058823529411765e-05,0.24324282659344892
-0.12610876329917012,8.23529411764706e-05,2.3617025573013652
-0.15219966941303362,-1.764705882352941e-05,1.0295856408400386
-0.15805074188554172,0.0001,2.105865087994813
-0.24388302526364117,1.176470588235294e-05,1.5700035453844772
-0.15805074188554172,5.88235294117647e-06,1.654787773413487
-0.22449736197093864,0.0,1.5580382213387638
-0.0929083398134515,-4.11764705882353e-05,0.5460109618297823
-0.2401310239436389,2.9411764705882364e-05,1.6088258561116244
-0.12610876329917012,-9.411764705882353e-05,0.11992497634822229
-0.22449736197093864,0.0001,1.7966816674060235
-0.23631950898352433,1.176470588235294e-05,1.5753359612123163
-0.22449736197093864,6.470588235294118e-05,1.7099139604062825
-0.189401327204888,-9.411764705882353e-05,0.12774602437635968
-0.14611458732037944,5.8823529411764714e-05,1.9804440509828394
-0.20769130346521952,-5.88235294117647e-06,1.3501194921864952
-0.2032730051585156,1.176470588235294e-05,1.6055941810709098
-0.23244555528233687,5.88235294117647e-06,1.5656721826775624
-0.2475782165448223,5.8823529411764714e-05,1.6606486985252564
-0.18454610836649227,-9.411764705882353e-05,0.12746380152874107
-0.0929083398134515,5.88235294117647e-06,2.022793821022718
-0.16914719323928287,-2.941176470588235e-05,0.7444788425190667
-0.1941352744129589,8.823529411764706e-05,1.8572949927982572
-0.2475782165448223,5.88235294117647e-06,1.556302617654243
-0.1941352744129589,-8.823529411764706e-05,0.15061879840663686
-0.13311232928721659,-2.941176470588235e-05,0.7600019604020797
-0.2032730051585156,4.1176470588235304e-05,1.6883452739996105
-0.23631950898352433,5.88235294117647e-06,1.563116450476319
-0.11077472015442899,-9.411764705882353e-05,0.11528206353604378
-0.2401310239436389,-8.823529411764706e-05,0.15186685594260482
-0.2162575042797413,0.0,1.5635573884614908
-0.15805074188554172,-5.88235294117647e-06,1.396906406312904
-0.15219966941303362,-7.647058823529412e-05,0.2054620467125542
-0.1744311301120619,-5.294117647058824e-05,0.3948564017748663
-0.05560654492698021,7.058823529411765e-05,10.974245360312358
-0.14611458732037944,4.1176470588235304e-05,1.8799329080860472
-0.2512191026843566,8.23529411764706e-05,1.7028736604258143
-0.2475782165448223,-2.941176470588235e-05,0.7241275994865454
-0.1744311301120619,-2.352941176470588e-05,0.8678201039369989
-0.2401310239436389,1.764705882352941e-05,1.5845734286553415
-0.11077472015442899,-5.294117647058824e-05,0.3910979882719148
-0.16369294279221586,-2.941176470588235e-05,0.746507949271323
-0.24388302526364117,6.470588235294118e-05,1.6778573366773097
-0.2032730051585156,-4.705882352941177e-05,0.46014860513552536
-0.15805074188554172,-5.294117647058824e-05,0.3954140988722448
-0.24388302526364117,4.1176470588235304e-05,1.6291804517112696
-0.03498838906088726,4.1176470588235304e-05,91.70977666144177
-0.2032730051585156,8.823529411764706e-05,1.8257355197294431
-0.0929083398134515,4.7058823529411774e-05,2.759221415695668
-0.2285059899670351,9.411764705882353e-05,1.772465788693653
-0.15805074188554172,-2.352941176470588e-05,0.876354977869169
-0.10223992151329779,3.5294117647058834e-05,2.312952491734736
-0.23244555528233687,-2.352941176470588e-05,0.8474030189533386
-0.23244555528233687,-8.23529411764706e-05,0.17798939615326947
-0.14611458732037944,-8.823529411764706e-05,0.14648534041946654
-0.20769130346521952,8.23529411764706e-05,1.7953055498942827
-0.2162575042797413,-2.941176470588235e-05,0.7306445845846674
-0.2512191026843566,-9.411764705882353e-05,0.1296269334548515
-0.2162575042797413,-1.764705882352941e-05,0.9927147794616816
-0.2475782165448223,1.764705882352941e-05,1.5789184802796898
-0.2512191026843566,-7.058823529411765e-05,0.2442182094133902
-0.19875660888170582,-6.470588235294117e-05,0.2866774365679586
-0.07045591111654366,4.7058823529411774e-05,4.42304442215632
-0.05560654492698021,-2.941176470588235e-05,0.7456681879801128
-0.08249050207112041,4.7058823529411774e-05,3.274402587111252
-0.15219966941303362,2.9411764705882364e-05,1.786648477794915
-0.05560654492698021,-4.705882352941177e-05,0.3810277573391037
-0.08249050207112041,-5.88235294117647e-06,1.7031134592289632
-0.10223992151329779,0.0,1.8336708251816107
-0.2162575042797413,0.0001,1.8192331338315577
-0.2162575042797413,1.764705882352941e-05,1.6066004785697496
-0.23244555528233687,8.823529411764706e-05,1.749859246487203
-0.1744311301120619,2.3529411764705894e-05,1.6913602358834794
-0.2032730051585156,-0.0001,0.10912158526749323
-0.2032730051585156,-8.23529411764706e-05,0.17742283272242038
-0.05560654492698021,8.823529411764706e-05,12.888384365298691
-0.10223992151329779,5.8823529411764714e-05,2.6322767192233587
-0.10223992151329779,-0.0001,0.09277644577438378
-0.2401310239436389,-1.176470588235294e-05,1.1458601725772646
-0.22449736197093864,1.764705882352941e-05,1.5982282610902885
-0.24388302526364117,4.7058823529411774e-05,1.6412515064578683
-0.20769130346521952,6.470588235294118e-05,1.7454961905840136
-0.2204159066323803,4.7058823529411774e-05,1.6738219679255695
-0.2162575042797413,-9.411764705882353e-05,0.12886985404511245
-0.11077472015442899,-7.058823529411765e-05,0.23339270225429526
-0.11077472015442899,4.1176470588235304e-05,2.2274221198098125
-0.2032730051585156,-9.411764705882353e-05,0.1284066989803305
-0.2401310239436389,-4.11764705882353e-05,0.5332833053242451
-0.1941352744129589,7.058823529411765e-05,1.8003958731500307
-0.03498838906088726,-8.23529411764706e-05,0.003362196638410346
-0.15219966941303362,-4.11764705882353e-05,0.5459708934711948
-0.2401310239436389,-6.470588235294117e-05,0.2859745507287068
-0.2032730051585156,9.411764705882353e-05,1.8432428243296657
-0.2475782165448223,-3.529411764705882e-05,0.6211212232804216
-0.17955978797919223,1.176470588235294e-05,1.6381209784228572
-0.10223992151329779,5.88235294117647e-06,1.9120040521852883
-0.22449736197093864,-1.176470588235294e-05,1.1521259391513958
-0.16914719323928287,-0.0001,0.10699185509749125
-0.2475782165448223,-7.058823529411765e-05,0.24426325979980265
-0.05560654492698021,-5.88235294117647e-06,2.4372960013931624
-0.23244555528233687,5.8823529411764714e-05,1.682420020564269
-0.13311232928721659,2.3529411764705894e-05,1.8455565088931807
-0.2162575042797413,-7.647058823529412e-05,0.20853270150239334
-0.24388302526364117,-8.823529411764706e-05,0.1519167276267987
-0.19875660888170582,-1.176470588235294e-05,1.165119501207559
-0.1186911766958616,-0.0001,0.0987774993877538
-0.2285059899670351,-8.23529411764706e-05,0.17794182778220438
-0.15219966941303362,-7.058823529411765e-05,0.24231833114239812
-0.2475782165448223,3.5294117647058834e-05,1.6135071823910767
-0.1941352744129589,0.0001,1.895608351414092
-0.23244555528233687,2.9411764705882364e-05,1.616664482380705
-0.22449736197093864,1.176470588235294e-05,1.5847025652446791
-0.2401310239436389,3.5294117647058834e-05,1.6210818419814381
-0.15219966941303362,8.823529411764706e-05,2.094386728499636
-0.212017631502715,4.1176470588235304e-05,1.6726368299777263
-0.0929083398134515,7.647058823529412e-05,3.278573467319305
-0.212017631502715,-2.352941176470588e-05,0.853278931072637
-0.03498838906088726,-6.470588235294117e-05,0.032936993745340946
-0.20769130346521952,-7.058823529411765e-05,0.2444813156786902
-0.212017631502715,-3.529411764705882e-05,0.6269290030941612
-0.189401327204888,-2.352941176470588e-05,0.8613199856506235
-0.2475782165448223,-5.882352941176471e-05,0.33419381963071637
-0.16369294279221586,8.23529411764706e-05,1.9815633405737867
-0.08249050207112041,-3.529411764705882e-05,0.6492468220522081
-0.14611458732037944,6.470588235294118e-05,2.014147402790694
-0.2285059899670351,-4.11764705882353e-05,0.5346699033053458
-0.13311232928721659,6.470588235294118e-05,2.134470050114821
-0.11077472015442899,8.23529411764706e-05,2.6815017212471774
-0.18454610836649227,7.647058823529412e-05,1.8540948103791515
-0.189401327204888,1.176470588235294e-05,1.623122731515522
-0.03498838906088726,-9.411764705882353e-05,0.0005476258791379448
-0.2512191026843566,-1.176470588235294e-05,1.1419775060171204
-0.15219966941303362,-5.294117647058824e-05,0.3954892344543997
-0.2475782165448223,-1.764705882352941e-05,0.9824072093902598
-0.15805074188554172,1.176470588235294e-05,1.6817017831691399
-0.1186911766958616,7.647058823529412e-05,2.4411908265371585
-0.14611458732037944,-2.352941176470588e-05,0.8837599811290867
-0.2162575042797413,-5.88235294117647e-06,1.344854309558417
-0.20769130346521952,-5.294117647058824e-05,0.3929964939950621
-0.14611458732037944,1.764705882352941e-05,1.747847560467416
-0.12610876329917012,-7.058823529411765e-05,0.23818083380486552
-0.2512191026843566,-1.764705882352941e-05,0.9813953922541068
-0.20769130346521952,-0.0001,0.10930580712293575
-0.22449736197093864,-0.0001,0.10987879656038353
-0.13311232928721659,-7.647058823529412e-05,0.20254873327305983
-0.17955978797919223,-2.352941176470588e-05,0.8654691526212229
-0.20769130346521952,-4.11764705882353e-05,0.5373959204960725
-0.24388302526364117,-1.176470588235294e-05,1.1444991306543355
-0.19875660888170582,5.8823529411764714e-05,1.75049608735856
-0.2401310239436389,8.823529411764706e-05,1.7344654273365285
-0.1186911766958616,-8.823529411764706e-05,0.14057182271131516
-0.2512191026843566,5.2941176470588244e-05,1.6444056015896908
-0.23631950898352433,2.3529411764705894e-05,1.6000955320583439
-0.2401310239436389,8.23529411764706e-05,1.7216290211521286
-0.2162575042797413,3.5294117647058834e-05,1.6507842518904765
-0.2032730051585156,-7.058823529411765e-05,0.24445600277348523
-0.03498838906088726,6.470588235294118e-05,123.43198851394456
-0.17955978797919223,8.823529411764706e-05,1.9189789447943455
-0.2401310239436389,4.7058823529411774e-05,1.6458254447716913
-0.18454610836649227,-7.647058823529412e-05,0.20777651464326793
-0.17955978797919223,-0.0001,0.1078039707295151
-0.03498838906088726,-8.823529411764706e-05,0.0013950523329815062
-0.13976483270316054,4.1176470588235304e-05,1.9195631009530498
-0.0929083398134515,-3.529411764705882e-05,0.6527786337806055
-0.2401310239436389,9.411764705882353e-05,1.747355769758391
-0.14611458732037944,-6.470588235294117e-05,0.2850131044377065
-0.14611458732037944,-1.176470588235294e-05,1.211014563637553
-0.2162575042797413,-6.470588235294117e-05,0.28646463678033407
-0.18454610836649227,-1.176470588235294e-05,1.1742600989664929
-0.23244555528233687,-7.058823529411765e-05,0.24441658836812416
-0.17955978797919223,9.411764705882353e-05,1.941262342294384
-0.14611458732037944,-7.647058823529412e-05,0.2047075619897371
-0.2204159066323803,-5.882352941176471e-05,0.3352607079360055
-0.1744311301120619,4.1176470588235304e-05,1.7591999537397485
-0.2162575042797413,9.411764705882353e-05,1.8035803407036455
-0.2204159066323803,0.0001,1.8075221406731978
-0.15219966941303362,0.0,1.6390648056887698
-0.23631950898352433,-5.88235294117647e-06,1.3344171699010725
-0.07045591111654366,5.2941176470588244e-05,4.668953723020672
-0.14611458732037944,-1.764705882352941e-05,1.0350830908361393
-0.07045591111654366,-5.88235294117647e-06,1.8910857374745038
-0.2204159066323803,9.411764705882353e-05,1.792409633002044
-0.08249050207112041,0.0,2.06436193129354
-0.15805074188554172,2.9411764705882364e-05,1.7640893670842153
-0.23631950898352433,-5.882352941176471e-05,0.3346427563001066
-0.13311232928721659,-6.470588235294117e-05,0.28332432993802836
-0.08249050207112041,-6.470588235294117e-05,0.25765984889982396
-0.13976483270316054,5.2941176470588244e-05,1.9934891529969982
-0.212017631502715,-8.823529411764706e-05,0.1512785468365883
-0.20769130346521952,-2.941176470588235e-05,0.7327440807049765
-0.2032730051585156,-4.11764705882353e-05,0.538015806154162
-0.2204159066323803,5.8823529411764714e-05,1.7030579731952697
-0.23631950898352433,-2.941176470588235e-05,0.7262826438132057
-0.24388302526364117,-8.23529411764706e-05,0.17809040284384156
-0.18454610836649227,5.88235294117647e-06,1.6107412157376673
-0.0929083398134515,0.0001,3.6993775920089846
-0.10223992151329779,-4.705882352941177e-05,0.46149150634683983
-0.1186911766958616,4.1176470588235304e-05,2.1139082065552723
-0.16914719323928287,1.764705882352941e-05,1.6805710258332482
-0.24388302526364117,8.23529411764706e-05,1.7149937728509357
-0.2162575042797413,-5.882352941176471e-05,0.33541552456139645
-0.2032730051585156,-5.88235294117647e-06,1.35306466540367
-0.20769130346521952,7.647058823529412e-05,1.7786319291135033
-0.23631950898352433,3.5294117647058834e-05,1.625232089796283
-0.15219966941303362,7.647058823529412e-05,2.0319990789484077
-0.1941352744129589,6.470588235294118e-05,1.7815841037891935
-0.16914719323928287,2.3529411764705894e-05,1.704335296294692
-0.07045591111654366,8.823529411764706e-05,6.159618096669636
-0.189401327204888,-7.058823529411765e-05,0.24426815247497935
-0.05560654492698021,-6.470588235294117e-05,0.1934434307450747
-0.1941352744129589,-1.176470588235294e-05,1.1679087680642974
-0.14611458732037944,3.5294117647058834e-05,1.8466547527716575
-0.07045591111654366,0.0,2.3679216924790945
-0.11077472015442899,-2.941176470588235e-05,0.7719852755606205
-0.2475782165448223,-2.352941176470588e-05,0.843699050310353
-0.18454610836649227,4.1176470588235304e-05,1.730254214724636
-0.17955978797919223,5.8823529411764714e-05,1.8088468774699868
-0.1744311301120619,1.176470588235294e-05,1.6469924553219892
-0.13311232928721659,9.411764705882353e-05,2.3441164098107627
-0.19875660888170582,-1.764705882352941e-05,1.0001007022012922
-0.2162575042797413,-7.058823529411765e-05,0.24449373927426193
-0.1186911766958616,-2.941176470588235e-05,0.7676086862975273
-0.10223992151329779,-9.411764705882353e-05,0.11163806315958891
-0.2204159066323803,-8.823529411764706e-05,0.15150103569813186
-0.17955978797919223,-3.529411764705882e-05,0.6336996189052193
-0.2285059899670351,5.8823529411764714e-05,1.6888142152041548
-0.2032730051585156,2.3529411764705894e-05,1.6383111571590225
-0.20769130346521952,0.0,1.5699414142938377
-0.05560654492698021,-7.647058823529412e-05,0.11841142916492117
-0.1186911766958616,0.0,1.7381147947707456
-0.13311232928721659,1.176470588235294e-05,1.7645616666661181
-0.05560654492698021,-5.294117647058824e-05,0.3056971876998938
-0.16369294279221586,2.9411764705882364e-05,1.7448696338991054
-0.2401310239436389,5.88235294117647e-06,1.5607118258183055
-0.08249050207112041,-5.294117647058824e-05,0.3729456548623095
-0.03498838906088726,4.7058823529411774e-05,100.19164010564432
-0.2475782165448223,-5.88235294117647e-06,1.3294896540893841
-0.0929083398134515,-6.470588235294117e-05,0.26757835844315403
-0.2204159066323803,1.176470588235294e-05,1.5882723578432327
-0.10223992151329779,-7.647058823529412e-05,0.19211105795990482
-0.2475782165448223,4.7058823529411774e-05,1.6369459385979495
-0.16914719323928287,9.411764705882353e-05,1.9995419058155863
-0.1941352744129589,7.647058823529412e-05,1.819285819642837
-0.22449736197093864,-1.764705882352941e-05,0.9896874139765528
-0.1744311301120619,-4.11764705882353e-05,0.5423895329788077
-0.1744311301120619,4.7058823529411774e-05,1.7820729090746685
-0.13976483270316054,-4.705882352941177e-05,0.4655500143401839
-0.07045591111654366,1.176470588235294e-05,2.9017709634877744
-0.13311232928721659,-7.058823529411765e-05,0.23966890955701997
-0.2032730051585156,7.058823529411765e-05,1.7736392269402736
-0.1744311301120619,2.9411764705882364e-05,1.7138260623045705
-0.2032730051585156,8.23529411764706e-05,1.8082987549146077
-0.16369294279221586,6.470588235294118e-05,1.9017503608252404
-0.1186911766958616,5.8823529411764714e-05,2.2771817698565053
-0.20769130346521952,-8.823529411764706e-05,0.15114436330844064
-0.2401310239436389,-3.529411764705882e-05,0.6222195230270056
-0.2204159066323803,-7.647058823529412e-05,0.20857315327192646
-0.2162575042797413,-4.11764705882353e-05,0.5362353521613704
-0.24388302526364117,7.647058823529412e-05,1.70255949843483
-0.189401327204888,-4.11764705882353e-05,0.5400534028108528
-0.13976483270316054,-5.294117647058824e-05,0.39529728001953107
-0.13976483270316054,3.5294117647058834e-05,1.8827638988116633
-0.07045591111654366,-9.411764705882353e-05,0.08301644803182613
-0.15219966941303362,-8.23529411764706e-05,0.17405606840160942
-0.18454610836649227,-5.88235294117647e-06,1.3676833059290345
-0.2401310239436389,-5.88235294117647e-06,1.3326835088289173
-0.1186911766958616,3.5294117647058834e-05,2.0595571515859006
-0.2401310239436389,-5.882352941176471e-05,0.33449120637150964
-0.18454610836649227,0.0001,1.938352503463799
-0.2204159066323803,-9.411764705882353e-05,0.12899288156515554
-0.08249050207112041,3.5294117647058834e-05,2.978241288815548
-0.03498838906088726,9.411764705882353e-05,155.75928859497765
-0.15805074188554172,5.2941176470588244e-05,1.8763270191236072
-0.07045591111654366,-7.647058823529412e-05,0.15897012151306525
-0.15219966941303362,-5.88235294117647e-06,1.4053586465206658
-0.03498838906088726,-3.529411764705882e-05,0.3907396028830986
-0.15805074188554172,3.5294117647058834e-05,1.7919494585574731
-0.03498838906088726,-0.0001,0.00020373637064496553
-0.2032730051585156,-2.352941176470588e-05,0.8561693582777006
-0.03498838906088726,-2.352941176470588e-05,0.7899942713362512
-0.10223992151329779,-5.294117647058824e-05,0.3878993906929866
-0.2512191026843566,-4.705882352941177e-05,0.45585346790181186
-0.03498838906088726,-1.764705882352941e-05,1.2954190320470347
-0.1744311301120619,3.5294117647058834e-05,1.7364458600719408
-0.23244555528233687,-5.88235294117647e-06,1.336253593732043
-0.0929083398134515,-2.352941176470588e-05,0.9354453658550083
-0.14611458732037944,-2.941176470588235e-05,0.7538069530926392
-0.23631950898352433,-9.411764705882353e-05,0.12937330215095863
-0.23631950898352433,7.647058823529412e-05,1.7155478764518803
-0.24388302526364117,5.2941176470588244e-05,1.6533902656001414
-0.1744311301120619,1.764705882352941e-05,1.6690726639115019
-0.13976483270316054,0.0001,2.293469488758659
-0.23244555528233687,0.0001,1.777242697624596
-0.2401310239436389,7.647058823529412e-05,1.7088475529392877
-0.16914719323928287,-3.529411764705882e-05,0.6362191068030729
-0.20769130346521952,4.7058823529411774e-05,1.6963611032459143
-0.2285059899670351,5.2941176470588244e-05,1.6750960084811088
-0.20769130346521952,4.1176470588235304e-05,1.6801517942321844
-0.07045591111654366,5.8823529411764714e-05,4.915047261778207
-0.2204159066323803,-5.294117647058824e-05,0.3922086095885967
-0.23631950898352433,-1.764705882352941e-05,0.9857584261138846
-0.16914719323928287,5.2941176470588244e-05,1.8255084136766202
-0.16369294279221586,0.0001,2.0622621020860867
-0.2285059899670351,6.470588235294118e-05,1.7026003283349664
-0.2512191026843566,-2.352941176470588e-05,0.8428772547714779
-0.10223992151329779,-8.823529411764706e-05,0.1340424039189374
-0.1186911766958616,-6.470588235294117e-05,0.2801220769480311
-0.22449736197093864,8.823529411764706e-05,1.767514954369165
-0.17955978797919223,-4.11764705882353e-05,0.5415757042564813
-0.08249050207112041,-1.176470588235294e-05,1.401301193717554
-0.05560654492698021,5.2941176470588244e-05,9.118342620387022
-0.07045591111654366,6.470588235294118e-05,5.161757471651943
-0.212017631502715,5.2941176470588244e-05,1.7039020176556738
-0.212017631502715,1.176470588235294e-05,1.596249113171662
-0.16369294279221586,1.764705882352941e-05,1.6937222702347483
-0.23244555528233687,1.176470588235294e-05,1.5782572145165437
-0.20769130346521952,1.176470588235294e-05,1.6007283898473246
-0.11077472015442899,-0.0001,0.09624622651615763
-0.2475782165448223,-4.705882352941177e-05,0.45615071137047414
-0.10223992151329779,7.647058823529412e-05,2.8721099275492468
-0.24388302526364117,-7.647058823529412e-05,0.20864926478451962
-0.1744311301120619,-5.88235294117647e-06,1.37739234291423
-0.13976483270316054,7.058823529411765e-05,2.1051065065601073
-0.19875660888170582,-2.352941176470588e-05,0.8577651443584792
-0.13976483270316054,2.3529411764705894e-05,1.8096237474901664
-0.1941352744129589,5.8823529411764714e-05,1.7628530415102306
-0.2032730051585156,-1.176470588235294e-05,1.1625450354442648
-0.14611458732037944,8.23529411764706e-05,2.115878241446324
-0.13976483270316054,-6.470588235294117e-05,0.28429828438616983
-0.03498838906088726,7.058823529411765e-05,130.4881985254547
-0.05560654492698021,1.764705882352941e-05,5.429164893106305
-0.08249050207112041,-5.882352941176471e-05,0.3101859897268697
-0.0929083398134515,8.823529411764706e-05,3.488095264341665
-0.19875660888170582,-8.823529411764706e-05,0.15081773391641293
-0.19875660888170582,-5.294117647058824e-05,0.39353967693860475
-0.15219966941303362,1.764705882352941e-05,1.7267175987890546
-0.19875660888170582,-5.88235294117647e-06,1.3562553727787217
-0.1941352744129589,-2.352941176470588e-05,0.8594772003483913
-0.23631950898352433,-7.647058823529412e-05,0.2086484569426807
-0.189401327204888,-8.823529411764706e-05,0.15039063377086087
-0.05560654492698021,-8.23529411764706e-05,0.0912350838478416
-0.16914719323928287,8.823529411764706e-05,1.9744004490305456
-0.15805074188554172,-8.23529411764706e-05,0.17471508771745475
-0.13311232928721659,4.1176470588235304e-05,1.968736808812111
-0.15805074188554172,0.0,1.6282462703742921
-0.2204159066323803,-4.11764705882353e-05,0.5356915747848742
-0.2285059899670351,3.5294117647058834e-05,1.6343887368704408
-0.19875660888170582,3.5294117647058834e-05,1.6797845985988138
-0.15219966941303362,7.058823529411765e-05,2.0009654207497225
-0.23244555528233687,-1.764705882352941e-05,0.9869962626832285
-0.1186911766958616,-3.529411764705882e-05,0.6499257109126452
-0.16914719323928287,-1.176470588235294e-05,1.186407365848083
-0.16369294279221586,-1.176470588235294e-05,1.1914234305282303
-0.12610876329917012,7.058823529411765e-05,2.2667906387955483
-0.13976483270316054,-9.411764705882353e-05,0.12272181797388708
-0.16369294279221586,8.823529411764706e-05,2.0083605869712646
-0.2285059899670351,-0.0001,0.10999025694383513
-0.212017631502715,5.88235294117647e-06,1.5813585606650613
-0.14611458732037944,-3.529411764705882e-05,0.6423642133300539
-0.16914719323928287,4.1176470588235304e-05,1.776652432896015
-0.19875660888170582,-3.529411764705882e-05,0.6295052173949667
-0.2204159066323803,7.058823529411765e-05,1.732581463731291
-0.2204159066323803,-2.352941176470588e-05,0.850726261928852
-0.0929083398134515,-9.411764705882353e-05,0.10632982143890751
-0.11077472015442899,2.9411764705882364e-05,2.0978945509272218
-0.11077472015442899,8.823529411764706e-05,2.746977088722376
-0.16914719323928287,1.176470588235294e-05,1.6570283245550004
-0.13311232928721659,8.823529411764706e-05,2.3019028631117515
-0.19875660888170582,1.176470588235294e-05,1.6109018037959444
-0.14611458732037944,2.9411764705882364e-05,1.813521887805239
-0.12610876329917012,-6.470588235294117e-05,0.28198632751701835
-0.24388302526364117,-0.0001,0.11034679458956427
-0.23631950898352433,8.23529411764706e-05,1.728700043886776
-0.1186911766958616,-1.176470588235294e-05,1.2582785243637884
-0.13976483270316054,-5.88235294117647e-06,1.4268603759365286
-0.23631950898352433,1.764705882352941e-05,1.587665014824226
-0.10223992151329779,7.058823529411765e-05,2.7919898237705874
-0.1941352744129589,-8.23529411764706e-05,0.17711095975853158
-0.20769130346521952,3.5294117647058834e-05,1.6640377615278334
-0.13311232928721659,-5.882352941176471e-05,0.3346372737532777
-0.189401327204888,2.9411764705882364e-05,1.6796883978691675
-0.20769130346521952,-5.882352941176471e-05,0.335719608001897
-0.189401327204888,6.470588235294118e-05,1.7961901785473835
-0.13311232928721659,8.23529411764706e-05,2.2598444060490435
-0.1186911766958616,-7.647058823529412e-05,0.19890864115545234
-0.1186911766958616,-4.11764705882353e-05,0.549940935486216
-0.2285059899670351,5.88235294117647e-06,1.5683947499333009
-0.23244555528233687,1.764705882352941e-05,1.5909566334113365
-0.17955978797919223,-6.470588235294117e-05,0.2866314794723402
-0.2285059899670351,0.0,1.5555470107633473
-0.2512191026843566,0.0001,1.73858159647206
-0.1744311301120619,0.0,1.6035945287415794
-0.22449736197093864,-5.88235294117647e-06,1.3402769953249354
-0.2204159066323803,8.23529411764706e-05,1.7623696303330287
-0.18454610836649227,-4.11764705882353e-05,0.5407972538317977
-0.212017631502715,-4.11764705882353e-05,0.5368029691698605
-0.20769130346521952,-7.647058823529412e-05,0.20841489799447077
-0.0929083398134515,1.764705882352941e-05,2.2345264782779504
-0.2285059899670351,8.823529411764706e-05,1.7583734114299892
-0.11077472015442899,-6.470588235294117e-05,0.27746848384345996
-0.23244555528233687,-7.647058823529412e-05,0.20864020130819314
-0.2512191026843566,-6.470588235294117e-05,0.28570644895860187
-0.08249050207112041,0.0001,4.610988125894448
-0.08249050207112041,1.764705882352941e-05,2.524699252334331
-0.23244555528233687,-6.470588235294117e-05,0.28614863617317277
-0.2512191026843566,2.3529411764705894e-05,1.5874829894161033
-0.2401310239436389,-4.705882352941177e-05,0.4567742767229739
-0.12610876329917012,4.1176470588235304e-05,2.0313857836538323
-0.15219966941303362,-6.470588235294117e-05,0.28553918267319817
-0.17955978797919223,-7.647058823529412e-05,0.20755502623773944
-0.14611458732037944,7.647058823529412e-05,2.0818588728392577
-0.22449736197093864,8.23529411764706e-05,1.753021601861682
-0.10223992151329779,-1.764705882352941e-05,1.098381314248032
-0.2401310239436389,7.058823529411765e-05,1.6961223605904667
-0.2285059899670351,-5.88235294117647e-06,1.338202982776769
-0.2204159066323803,-5.88235294117647e-06,1.3424889701878422
-0.10223992151329779,1.764705882352941e-05,2.071876838326721
-0.20769130346521952,5.2941176470588244e-05,1.7126585893740323
-0.1744311301120619,8.823529411764706e-05,1.944881892571127
-0.13976483270316054,9.411764705882353e-05,2.2555199950957325
-0.05560654492698021,-1.764705882352941e-05,1.2766253197740807
-0.17955978797919223,3.5294117647058834e-05,1.7224104883481435
-0.20769130346521952,-2.352941176470588e-05,0.8546774846837093
-0.08249050207112041,8.23529411764706e-05,4.160817565161382
-0.1941352744129589,4.7058823529411774e-05,1.7256494788832688
-0.2204159066323803,6.470588235294118e-05,1.7177854742762129
-0.17955978797919223,-8.823529411764706e-05,0.14982431667057586
-0.2162575042797413,-2.352941176470588e-05,0.8519645106288977
-0.12610876329917012,-1.764705882352941e-05,1.0576184155588648
-0.1941352744129589,-5.294117647058824e-05,0.39381308422440264
-0.11077472015442899,-5.88235294117647e-06,1.5088245222771357
-0.2204159066323803,-1.176470588235294e-05,1.1539399724346362
-0.23244555528233687,-4.705882352941177e-05,0.4574395879599266
-0.2475782165448223,-1.176470588235294e-05,1.1432067283145424
-0.2162575042797413,8.23529411764706e-05,1.7724657049395185
-0.23244555528233687,-1.176470588235294e-05,1.148813484544543
-0.13976483270316054,7.647058823529412e-05,2.142521569570308
-0.05560654492698021,-0.0001,0.03877186786800081
-0.17955978797919223,2.9411764705882364e-05,1.7010944400976737
-0.2285059899670351,-9.411764705882353e-05,0.12920278751795308
-0.23244555528233687,-9.411764705882353e-05,0.12929240170707246
-0.17955978797919223,7.058823529411765e-05,1.8526425821679493
-0.1186911766958616,-9.411764705882353e-05,0.11792675970179138
-0.05560654492698021,6.470588235294118e-05,10.349990798598476
-0.13311232928721659,-4.705882352941177e-05,0.4656890353246681
-0.23244555528233687,6.470588235294118e-05,1.695785377580034
-0.15219966941303362,-2.352941176470588e-05,0.8798440480435407
-0.11077472015442899,5.88235294117647e-06,1.8404235774113757
-0.212017631502715,-6.470588235294117e-05,0.2865314375345001
-0.2204159066323803,-1.764705882352941e-05,0.9911548981922238
-0.2204159066323803,-3.529411764705882e-05,0.6254213133766088
-0.22449736197093864,5.8823529411764714e-05,1.6956750929624418
-0.19875660888170582,2.9411764705882364e-05,1.6623635889245945
-0.2162575042797413,5.8823529411764714e-05,1.7110269870812103
-0.2032730051585156,5.8823529411764714e-05,1.739275642921385
-0.2032730051585156,4.7058823529411774e-05,1.7052332040280669
-0.22449736197093864,-4.705882352941177e-05,0.45815034679078226
-0.24388302526364117,2.9411764705882364e-05,1.6052583084694947
-0.03498838906088726,1.176470588235294e-05,42.793245271845315
-0.24388302526364117,-2.352941176470588e-05,0.8445592989171878
-0.212017631502715,-5.294117647058824e-05,0.3927294504052513
-0.16369294279221586,5.2941176470588244e-05,1.8490158922257378
-0.0929083398134515,-2.941176470588235e-05,0.7810946351680939
-0.08249050207112041,5.88235294117647e-06,2.2165251185515173
-0.12610876329917012,-3.529411764705882e-05,0.6479911225937095
-0.12610876329917012,5.88235294117647e-06,1.753274889066336
-0.189401327204888,-7.647058823529412e-05,0.20795896532061164
-0.14611458732037944,2.3529411764705894e-05,1.7805698355948119
-0.19875660888170582,7.058823529411765e-05,1.7863701738933968
-0.2512191026843566,-3.529411764705882e-05,0.6206044930472082
-0.17955978797919223,8.23529411764706e-05,1.8967817598098464
-0.11077472015442899,9.411764705882353e-05,2.812705391925487
-0.16914719323928287,-5.88235294117647e-06,1.3831108564560277
-0.2204159066323803,8.823529411764706e-05,1.777358638446946
-0.2512191026843566,7.647058823529412e-05,1.691071845724298
-0.1941352744129589,-6.470588235294117e-05,0.2866996629415379
-0.1941352744129589,-3.529411764705882e-05,0.6304629434187221
-0.1744311301120619,7.058823529411765e-05,1.8745662218636667
-0.18454610836649227,-4.705882352941177e-05,0.46198524513984596
-0.23244555528233687,8.23529411764706e-05,1.7362525274129965
-0.2032730051585156,1.764705882352941e-05,1.621879631580449
-0.10223992151329779,-3.529411764705882e-05,0.6529102944157523
-0.2162575042797413,6.470588235294118e-05,1.7262834885880947
-0.2512191026843566,2.9411764705882364e-05,1.5987232045558035
-0.15805074188554172,4.7058823529411774e-05,1.8480854447438273
-0.1186911766958616,8.823529411764706e-05,2.551298178323765
-0.16914719323928287,2.9411764705882364e-05,1.7282877233278422
-0.15805074188554172,-5.882352941176471e-05,0.33638007082639676
-0.05560654492698021,4.1176470588235304e-05,7.902527318462082
-0.11077472015442899,4.7058823529411774e-05,2.2921245646543102
-0.15805074188554172,4.1176470588235304e-05,1.8199549306005496
-0.2162575042797413,2.9411764705882364e-05,1.6359479538548272
-0.24388302526364117,-9.411764705882353e-05,0.12951262049763898
-0.22449736197093864,-8.23529411764706e-05,0.1778856452027725
-0.2162575042797413,-3.529411764705882e-05,0.6261563771676829
-0.2162575042797413,4.1176470588235304e-05,1.6657170962321306
-0.16369294279221586,5.8823529411764714e-05,1.8753348184819152
-0.18454610836649227,-6.470588235294117e-05,0.2866822277557123
-0.0929083398134515,5.8823529411764714e-05,2.966661249888958
-0.11077472015442899,7.647058823529412e-05,2.6162527698186175
-0.13976483270316054,5.88235294117647e-06,1.7019370796916835
-0.0929083398134515,4.1176470588235304e-05,2.655242481584749
-0.15805074188554172,-8.823529411764706e-05,0.14800047791563026
-0.15805074188554172,8.23529411764706e-05,2.0190208228862656
-0.2475782165448223,9.411764705882353e-05,1.7331262287693527
-0.19875660888170582,-8.23529411764706e-05,0.17727898827175506
-0.12610876329917012,-5.294117647058824e-05,0.39422121841630653
-0.1941352744129589,-5.88235294117647e-06,1.359726174025107
-0.189401327204888,5.8823529411764714e-05,1.7765335489503882
-0.22449736197093864,-9.411764705882353e-05,0.12910336903814487
-0.24388302526364117,1.764705882352941e-05,1.581663373045641
-0.1941352744129589,4.1176470588235304e-05,1.707189031926094
-0.2401310239436389,0.0,1.5489466711012014
-0.1941352744129589,-5.882352941176471e-05,0.3361385344616993
-0.05560654492698021,2.3529411764705894e-05,6.06657907887114
-0.189401327204888,9.411764705882353e-05,1.8956842958877327
-0.1744311301120619,-7.058823529411765e-05,0.2438100123361195
-0.22449736197093864,4.1176470588235304e-05,1.6533930048075325
-0.13311232928721659,3.5294117647058834e-05,1.9275358303336216
-0.12610876329917012,-8.23529411764706e-05,0.16940823494525933
-0.13311232928721659,4.7058823529411774e-05,2.0100374715747162
-0.23244555528233687,-5.294117647058824e-05,0.39146657268285967
-0.2162575042797413,1.176470588235294e-05,1.5921101401484918
-0.17955978797919223,-7.058823529411765e-05,0.24400406938046684
-0.05560654492698021,-2.352941176470588e-05,0.9607043999392374
-0.18454610836649227,-0.0001,0.10813532525690875
-0.0929083398134515,7.058823529411765e-05,3.174358189054587
-0.16914719323928287,-8.823529411764706e-05,0.14905937479930298
-0.2512191026843566,8.823529411764706e-05,1.714726517235562
-0.23631950898352433,5.2941176470588244e-05,1.663536238597862
-0.16914719323928287,6.470588235294118e-05,1.8747698265035306
-0.17955978797919223,-8.23529411764706e-05,0.17641263522754788
-0.03498838906088726,-7.058823529411765e-05,0.016385512449077752
-0.03498838906088726,2.9411764705882364e-05,73.63089042403783
-0.2032730051585156,-1.764705882352941e-05,0.9980555441293207
-0.24388302526364117,-6.470588235294117e-05,0.28588570677625047
-0.2512191026843566,-5.294117647058824e-05,0.3903415763187994
-0.212017631502715,2.9411764705882364e-05,1.6417416025687834
-0.16914719323928287,-4.705882352941177e-05,0.46346211787580543
-0.22449736197093864,7.647058823529412e-05,1.7385893424824233
-0.1941352744129589,2.9411764705882364e-05,1.6705947948112203
-0.11077472015442899,-4.705882352941177e-05,0.46386529186321857
-0.12610876329917012,-5.882352941176471e-05,0.33354972544528666
-0.15219966941303362,-8.823529411764706e-05,0.14731415172128476
-0.2475782165448223,0.0,1.5451471417286347
-0.2204159066323803,4.1176470588235304e-05,1.6593223073397338
-0.18454610836649227,-8.23529411764706e-05,0.17668381972541145
-0.1744311301120619,7.647058823529412e-05,1.897916446471573
-0.10223992151329779,-5.882352941176471e-05,0.3258854137424015
-0.2285059899670351,-1.176470588235294e-05,1.1504204939971163
-0.23244555528233687,4.1176470588235304e-05,1.6427351833210733
-0.19875660888170582,-9.411764705882353e-05,0.12821285805314056
-0.16914719323928287,-9.411764705882353e-05,0.12634116161115483
-0.23244555528233687,7.058823529411765e-05,1.7092140216259908
-0.16369294279221586,3.5294117647058834e-05,1.7707097398506293
-0.1186911766958616,1.764705882352941e-05,1.897059909516743
-0.05560654492698021,-4.11764705882353e-05,0.47395750898087613
-0.03498838906088726,-4.705882352941177e-05,0.1770766939918397
-0.07045591111654366,-4.705882352941177e-05,0.4299099520749597
-0.189401327204888,7.058823529411765e-05,1.8159297568435713
-0.11077472015442899,0.0,1.7777484640410912
-0.19875660888170582,-5.882352941176471e-05,0.3360066440759357
-0.19875660888170582,7.647058823529412e-05,1.8044224013184702
-0.2475782165448223,8.823529411764706e-05,1.720914314410673
-0.0929083398134515,-7.058823529411765e-05,0.22339902704726622
-0.19875660888170582,-7.647058823529412e-05,0.20823238935485416
-0.0929083398134515,9.411764705882353e-05,3.59349875956084
-0.189401327204888,7.647058823529412e-05,1.8357498612396714
-0.189401327204888,-6.470588235294117e-05,0.28670288348999506
-0.23244555528233687,-5.882352941176471e-05,0.33479588307292646
-0.13311232928721659,0.0001,2.3864966959819958
-0.14611458732037944,-5.882352941176471e-05,0.3358667988693841
-0.16369294279221586,-4.705882352941177e-05,0.4639528217116792
-0.1186911766958616,-2.352941176470588e-05,0.9059452622825814
-0.20769130346521952,-3.529411764705882e-05,0.6277423034412525
-0.18454610836649227,4.7058823529411774e-05,1.7506595140737586
-0.2475782165448223,-8.823529411764706e-05,0.15196077769650532
-0.10223992151329779,1.176470588235294e-05,1.9916189414656382
-0.11077472015442899,-7.647058823529412e-05,0.19608981040346782
-0.2204159066323803,-8.23529411764706e-05,0.17781959192358257
-0.1744311301120619,-6.470588235294117e-05,0.28654262513421647
-0.1941352744129589,-7.647058823529412e-05,0.20810912281981866
-0.07045591111654366,-6.470588235294117e-05,0.23897903526032183
-0.07045591111654366,9.411764705882353e-05,6.412546772066186
-0.1941352744129589,-7.058823529411765e-05,0.2443532213652341
-0.2512191026843566,-7.647058823529412e-05,0.20863353642926952
-0.15805074188554172,5.8823529411764714e-05,1.9046709074937085
-0.12610876329917012,0.0001,2.5053135732304272
-0.212017631502715,0.0001,1.8319270958663747
-0.13976483270316054,-2.941176470588235e-05,0.7567467325150394
-0.2401310239436389,2.3529411764705894e-05,1.5966543066330627
-0.2204159066323803,-7.058823529411765e-05,0.24448496808835496
-0.11077472015442899,6.470588235294118e-05,2.4863021854985337
-0.2285059899670351,4.1176470588235304e-05,1.647878524318583
-0.16369294279221586,-8.23529411764706e-05,0.17525938289732282
-0.2162575042797413,5.88235294117647e-06,1.5777579894572364
-0.24388302526364117,-7.058823529411765e-05,0.24430612419082504
-0.12610876329917012,1.176470588235294e-05,1.7987845010547565
-0.23631950898352433,-3.529411764705882e-05,0.6228041104704306
-0.10223992151329779,8.23529411764706e-05,2.9524776162918274
-0.16369294279221586,-5.882352941176471e-05,0.3364822242470826
-0.2475782165448223,7.647058823529412e-05,1.69664531867832
-0.03498838906088726,5.2941176470588244e-05,108.30029191477198
-0.13311232928721659,0.0,1.685435006179599
-0.18454610836649227,7.058823529411765e-05,1.8332357557506151
-0.2032730051585156,5.2941176470588244e-05,1.722212033167884
-0.14611458732037944,9.411764705882353e-05,2.1842799342693406
-0.05560654492698021,1.176470588235294e-05,4.764633675428753
-0.20769130346521952,7.058823529411765e-05,1.7620282067617086
-0.212017631502715,-7.058823529411765e-05,0.2444931444456513
-0.13976483270316054,1.176470588235294e-05,1.7374521869032498
-0.2285059899670351,-2.941176470588235e-05,0.7278961977274059
-0.16369294279221586,2.3529411764705894e-05,1.7191966611834928
-0.24388302526364117,0.0001,1.7526143230041666
-0.2032730051585156,0.0001,1.8608206888302878
-0.10223992151329779,-1.176470588235294e-05,1.3050331535275477
-0.2512191026843566,-5.882352941176471e-05,0.3340483374216798
-0.08249050207112041,-4.705882352941177e-05,0.44822453180015903
-0.1186911766958616,-5.882352941176471e-05,0.33194441685091713
-0.1744311301120619,-2.941176470588235e-05,0.742610876505614
-0.2285059899670351,-4.705882352941177e-05,0.45778905100083944
-0.13311232928721659,-1.176470588235294e-05,1.230104429295222
-0.13976483270316054,4.7058823529411774e-05,1.9564761467492153
-0.22449736197093864,4.7058823529411774e-05,1.667410418296067
-0.24388302526364117,2.3529411764705894e-05,1.5934170992379755
-0.13976483270316054,8.23529411764706e-05,2.180055594223358
-0.16914719323928287,-8.23529411764706e-05,0.17571256198888066
-0.03498838906088726,-1.176470588235294e-05,2.760322599629704
-0.12610876329917012,5.2941176470588244e-05,2.125306317025332
-0.16369294279221586,-6.470588235294117e-05,0.2862055341269242
-0.14611458732037944,8.823529411764706e-05,2.1500160869988387
-0.16914719323928287,-5.882352941176471e-05,0.33651644621446236
-0.22449736197093864,-2.941176470588235e-05,0.7287649122584117
-0.13976483270316054,6.470588235294118e-05,2.0678010057939002
-0.16914719323928287,7.058823529411765e-05,1.8995401319060237
-0.18454610836649227,8.23529411764706e-05,1.8750357905417216
-0.13311232928721659,-5.88235294117647e-06,1.440894897868936
-0.22449736197093864,2.9411764705882364e-05,1.6256154144105257
-0.15805074188554172,7.647058823529412e-05,1.9902857101591562
-0.22449736197093864,-8.823529411764706e-05,0.15159316484155289
-0.2285059899670351,1.176470588235294e-05,1.5813723531295212
-0.2162575042797413,-8.23529411764706e-05,0.17774219592939045
-0.24388302526364117,-5.882352941176471e-05,0.3343414914424773
-0.189401327204888,0.0,1.5863549328399678
-0.10223992151329779,-4.11764705882353e-05,0.5489264762725045
-0.12610876329917012,-8.823529411764706e-05,0.14262609470949175
-0.2285059899670351,-6.470588235294117e-05,0.2862328020927381
-0.08249050207112041,6.470588235294118e-05,3.7162635523444143
-0.15219966941303362,8.23529411764706e-05,2.063137772779819
-0.2162575042797413,4.7058823529411774e-05,1.6807391306687933
-0.1941352744129589,-9.411764705882353e-05,0.12799401896623921
-0.15219966941303362,2.3529411764705894e-05,1.7565730431967628
-0.13311232928721659,5.8823529411764714e-05,2.0929017249852295
-0.03498838906088726,-4.11764705882353e-05,0.27029989778818914
-0.13311232928721659,5.88235294117647e-06,1.7246913500574323
-0.2401310239436389,-7.647058823529412e-05,0.2086512344246378
-0.14611458732037944,-0.0001,0.10439827356046988
-0.2475782165448223,-6.470588235294117e-05,0.28579622982885633
-0.15219966941303362,9.411764705882353e-05,2.125751680762834
-0.2475782165448223,-8.23529411764706e-05,0.17811283783379495
-0.12610876329917012,7.647058823529412e-05,2.314175109525265
-0.11077472015442899,-5.882352941176471e-05,0.32954781485523965
-0.23631950898352433,7.058823529411765e-05,1.7024534205933348
-0.23244555528233687,-2.941176470588235e-05,0.7270698736256708
-0.23244555528233687,7.647058823529412e-05,1.7227036680634273
-0.13976483270316054,-7.647058823529412e-05,0.20375839580942207
-0.14611458732037944,5.88235294117647e-06,1.6833636348769596
-0.2512191026843566,5.88235294117647e-06,1.5542752386800511
-0.07045591111654366,-4.11764705882353e-05,0.5223174239410778
-0.07045591111654366,-5.882352941176471e-05,0.29128241507405067
-0.2285059899670351,2.9411764705882364e-05,1.6209859403203264
-0.13976483270316054,-8.823529411764706e-05,0.1454720934308898
-0.2475782165448223,0.0001,1.7453886750329273
-0.1186911766958616,6.470588235294118e-05,2.3317337698801914
-0.15805074188554172,-0.0001,0.10590504169375359
-0.18454610836649227,-5.882352941176471e-05,0.3363628242051652
-0.10223992151329779,-8.23529411764706e-05,0.16061842743384333
-0.23244555528233687,3.5294117647058834e-05,1.6296577665501402
-0.1941352744129589,-1.764705882352941e-05,1.0023064582370087
-0.03498838906088726,2.3529411764705894e-05,64.00109830461302
-0.0929083398134515,-1.764705882352941e-05,1.1208970072811848
-0.16914719323928287,-7.647058823529412e-05,0.20695854577702977
-0.2475782165448223,-4.11764705882353e-05,0.5324434246126576
-0.19875660888170582,-4.11764705882353e-05,0.5386642436046054
-0.08249050207112041,-4.11764705882353e-05,0.5390185014653958
-0.1186911766958616,2.9411764705882364e-05,2.0052565145640178
-0.03498838906088726,-5.294117647058824e-05,0.10848944673517284
-0.14611458732037944,-5.88235294117647e-06,1.415208599002568
-0.16369294279221586,9.411764705882353e-05,2.035258967339446
-0.212017631502715,2.3529411764705894e-05,1.6264533893196536
-0.17955978797919223,5.2941176470588244e-05,1.7870839167057961
-0.05560654492698021,0.0,3.359693333645598
-0.14611458732037944,7.058823529411765e-05,2.0479507337137774
-0.05560654492698021,8.23529411764706e-05,12.242800064709412
-0.07045591111654366,-5.294117647058824e-05,0.3540900843397605
-0.20769130346521952,5.8823529411764714e-05,1.7290384781960866
-0.2512191026843566,-0.0001,0.11048336061543222
-0.189401327204888,-2.941176470588235e-05,0.7377962291648814
-0.17955978797919223,-9.411764705882353e-05,0.12714110470386936
-0.12610876329917012,4.7058823529411774e-05,2.078311998205625
-0.07045591111654366,-2.352941176470588e-05,0.9635134173870012
-0.16914719323928287,-2.352941176470588e-05,0.870392752284534
-0.2032730051585156,3.5294117647058834e-05,1.6715558476448855
-0.22449736197093864,-4.11764705882353e-05,0.5351702078560174
-0.08249050207112041,2.3529411764705894e-05,2.677462673985543
-0.16369294279221586,4.7058823529411774e-05,1.8227987840044564
-0.0929083398134515,-5.882352941176471e-05,0.3200642871398776
-0.23244555528233687,-3.529411764705882e-05,0.6234145857325039
-0.08249050207112041,-2.941176470588235e-05,0.7839377535635025
-0.2401310239436389,-2.941176470588235e-05,0.7255315765007267
-0.189401327204888,1.764705882352941e-05,1.6418123126024928
-0.2512191026843566,-4.11764705882353e-05,0.5320460060817284
-0.13311232928721659,-0.0001,0.10220513778004797
-0.15219966941303362,-1.176470588235294e-05,1.203555258562703
-0.14611458732037944,0.0,1.6517765163324225
-0.2204159066323803,3.5294117647058834e-05,1.6449089856474275
-0.07045591111654366,2.3529411764705894e-05,3.4249693421218024
-0.2162575042797413,5.2941176470588244e-05,1.6958441431939286
-0.15219966941303362,4.1176470588235304e-05,1.8473021909048923
-0.189401327204888,-4.705882352941177e-05,0.461507698423743
-0.16914719323928287,-4.11764705882353e-05,0.5432386808310662
-0.15219966941303362,5.88235294117647e-06,1.6678923187170231
-0.16914719323928287,7.647058823529412e-05,1.9244015014758311
-0.212017631502715,7.647058823529412e-05,1.767365243719962
-0.14611458732037944,-7.058823529411765e-05,0.24165275929428917
-0.22449736197093864,3.5294117647058834e-05,1.639459206457651
-0.0929083398134515,-4.705882352941177e-05,0.45697321055924606
-0.18454610836649227,2.9411764705882364e-05,1.689793208333003
-0.2285059899670351,-3.529411764705882e-05,0.624052842096304
-0.212017631502715,8.23529411764706e-05,1.783406307575597
-0.1941352744129589,-2.941176470588235e-05,0.7364075831594673
-0.13976483270316054,0.0,1.6669548511396481
-0.15805074188554172,9.411764705882353e-05,2.076806033495818
-0.23244555528233687,-8.823529411764706e-05,0.1517466848555801
-0.12610876329917012,0.0,1.7084829689047638
-0.15805074188554172,-9.411764705882353e-05,0.12525533846565345
-0.1186911766958616,-7.058823529411765e-05,0.23617259270419935
-0.1186911766958616,-5.88235294117647e-06,1.4800718095415035
-0.16369294279221586,1.176470588235294e-05,1.6684851433477685
-0.13976483270316054,-2.352941176470588e-05,0.8881922383776463
-0.03498838906088726,0.0,17.428611196641665
-0.07045591111654366,8.23529411764706e-05,5.9081802041120595
-0.2401310239436389,-5.294117647058824e-05,0.39099987531636543
-0.212017631502715,-8.23529411764706e-05,0.17765171772502183
-0.15805074188554172,-1.176470588235294e-05,1.1970903893328122
-0.03498838906088726,-5.88235294117647e-06,7.161483517369295
-0.08249050207112041,-8.23529411764706e-05,0.1456129471478359
-0.14611458732037944,5.2941176470588244e-05,1.9468384629015396
-0.212017631502715,3.5294117647058834e-05,1.6571391730233154
-0.15219966941303362,-5.882352941176471e-05,0.33618610818866074
-0.2204159066323803,-4.705882352941177e-05,0.4585239148716887
-0.11077472015442899,7.058823529411765e-05,2.5511985986767685
-0.1744311301120619,-8.23529411764706e-05,0.17609242652749826
-0.17955978797919223,2.3529411764705894e-05,1.679925809348019
-0.2204159066323803,7.647058823529412e-05,1.7474434667810814
-0.2032730051585156,-8.823529411764706e-05,0.15099174127385293
-0.2162575042797413,-0.0001,0.10962096553916657
-0.05560654492698021,4.7058823529411774e-05,8.50915745564627
-0.07045591111654366,-7.058823529411765e-05,0.19534474093119486
-0.15219966941303362,0.0001,2.1572385168881514
-0.2401310239436389,-0.0001,0.11026919135770573
-0.03498838906088726,3.5294117647058834e-05,82.85649212897489
-0.18454610836649227,-7.058823529411765e-05,0.24415397461352376
-0.1744311301120619,-3.529411764705882e-05,0.6349188653266017
-0.1744311301120619,5.88235294117647e-06,1.6251535595326447
-0.07045591111654366,1.764705882352941e-05,3.166017069903133
-0.189401327204888,-0.0001,0.10842735166891324
-0.23631950898352433,-8.23529411764706e-05,0.17802942145993136
-0.189401327204888,5.88235294117647e-06,1.6046284104972959
-0.10223992151329779,5.2941176470588244e-05,2.5525498156218878
-0.212017631502715,0.0,1.5666282551683006
-0.16914719323928287,0.0,1.6107706444671026
-0.1186911766958616,0.0001,2.662234486320602
-0.16369294279221586,-3.529411764705882e-05,0.6376073645687067
-0.15805074188554172,2.3529411764705894e-05,1.736402438038211
-0.2162575042797413,-1.176470588235294e-05,1.1558742813086047
-0.16914719323928287,3.5294117647058834e-05,1.7524007641964834
-0.18454610836649227,5.2941176470588244e-05,1.7711669360320426
-0.17955978797919223,4.7058823529411774e-05,1.7654177046240498
-0.2401310239436389,-8.23529411764706e-05,0.17806282751147495
-0.18454610836649227,1.176470588235294e-05,1.6302160836491426
-0.2512191026843566,7.058823529411765e-05,1.6793223567353084
-0.23244555528233687,0.0,1.5532109700871233
-0.05560654492698021,-1.176470588235294e-05,1.7501096863253496
-0.12610876329917012,-4.705882352941177e-05,0.46557918514537255
-0.22449736197093864,2.3529411764705894e-05,1.6118689852440184
-0.1941352744129589,3.5294117647058834e-05,1.6888338513960752
-0.1941352744129589,5.88235294117647e-06,1.5990986199047208
-0.18454610836649227,3.5294117647058834e-05,1.709961148880097
-0.11077472015442899,1.764705882352941e-05,1.9684659931546458
-0.23631950898352433,-7.058823529411765e-05,0.24438337777915625
-0.1186911766958616,-4.705882352941177e-05,0.46506233463081625
-0.07045591111654366,-8.23529411764706e-05,0.1287247591105812
-0.18454610836649227,-3.529411764705882e-05,0.6325546501302115
-0.08249050207112041,-0.0001,0.07987821663768534
-0.05560654492698021,0.0001,14.206656249014715
-0.2285059899670351,-2.352941176470588e-05,0.848451262979913
-0.24388302526364117,5.88235294117647e-06,1.5584445927852166
-0.19875660888170582,0.0,1.5774282322430713
-0.16369294279221586,5.88235294117647e-06,1.643531321678491
-0.13311232928721659,7.647058823529412e-05,2.2179283725345833
-0.12610876329917012,-1.176470588235294e-05,1.2426696622015474
-0.15219966941303362,-2.941176470588235e-05,0.7511434067946084
-0.15805074188554172,-2.941176470588235e-05,0.7487206708475053
-0.2401310239436389,4.1176470588235304e-05,1.6334166827972998
-0.19875660888170582,1.764705882352941e-05,1.6279070817005203
-0.03498838906088726,7.647058823529412e-05,137.2301417727396
-0.05560654492698021,3.5294117647058834e-05,7.296089924401629
-0.03498838906088726,-7.647058823529412e-05,0.007649568446957019
-0.15805074188554172,-7.647058823529412e-05,0.2060680046376404
-0.2032730051585156,-2.941176470588235e-05,0.7338898666659963
-0.07045591111654366,-3.529411764705882e-05,0.6365289050271488
-0.24388302526364117,9.411764705882353e-05,1.7400220529157868
-0.07045591111654366,7.647058823529412e-05,5.658141045938444
-0.03498838906088726,5.88235294117647e-06,30.406244364661617
-0.17955978797919223,-1.764705882352941e-05,1.0101251439930183
-0.07045591111654366,2.9411764705882364e-05,3.6789112226756706
-0.15219966941303362,1.176470588235294e-05,1.6971355697206545
-0.1186911766958616,4.7058823529411774e-05,2.1682909298969815
-0.0929083398134515,5.2941176470588244e-05,2.8629751362137466
-0.2204159066323803,5.88235294117647e-06,1.5744152219400747
-0.23631950898352433,-5.294117647058824e-05,0.3912303996303197
-0.1744311301120619,-9.411764705882353e-05,0.1267701555848349
-0.18454610836649227,-8.823529411764706e-05,0.15012797449787613
-0.2285059899670351,8.23529411764706e-05,1.7443395217733793
-0.19875660888170582,-2.941176470588235e-05,0.7351084398616993
-0.03498838906088726,0.0001,161.42965334770747
-0.24388302526364117,5.8823529411764714e-05,1.6655932095973687
-0.18454610836649227,-1.764705882352941e-05,1.007290245762695
-0.22449736197093864,-7.058823529411765e-05,0.24446836811885242
-0.13311232928721659,5.2941176470588244e-05,2.051426166639574
-0.212017631502715,-2.941176470588235e-05,0.7316643116671132
-0.10223992151329779,-7.058823529411765e-05,0.2294076686656749
