depth_averaged_kz,ws,pmax,output
2.7236320919967492e-05,-6.666666666666667e-06,1.3888888888888888e-07,0.5383879128458405
2.7236320919967492e-05,-3.3333333333333333e-06,1.3888888888888888e-07,0.5938607919872338
2.7236320919967492e-05,-7.500000000000001e-06,1.3888888888888888e-07,0.5246487222935097
2.7236320919967492e-05,-5.833333333333334e-06,1.3888888888888888e-07,0.5521812786949054
2.7236320919967492e-05,-8.333333333333334e-06,1.3888888888888888e-07,0.510966694261809
2.7236320919967492e-05,1e-05,1.3888888888888888e-07,0.6509954300484522
2.7236320919967492e-05,-4.166666666666667e-06,1.3888888888888888e-07,0.5799200261054116
2.7236320919967492e-05,-2.4999999999999998e-06,1.3888888888888888e-07,0.6078464491328066
2.7236320919967492e-05,4.166666666666667e-06,1.3888888888888888e-07,0.6504316245032076
2.7236320919967492e-05,8.333333333333344e-07,1.3888888888888888e-07,0.6501283353235847
2.7236320919967492e-05,-1e-05,1.3888888888888888e-07,0.4837876962155542
2.7236320919967492e-05,-1e-05,5.920138888888889e-06,0.540439283862482
2.7236320919967492e-05,0.0,5.920138888888889e-06,0.7480681421989253
2.7236320919967492e-05,-8.333333333333334e-06,5.920138888888889e-06,0.5732900326683171
2.7236320919967492e-05,5.000000000000001e-06,5.920138888888889e-06,0.7732985699396686
2.7236320919967492e-05,6.666666666666667e-06,5.920138888888889e-06,0.7821450762783178
2.7236320919967492e-05,-9.166666666666668e-06,1.3888888888888888e-07,0.4973451352560785
2.7236320919967492e-05,5.833333333333336e-06,1.3888888888888888e-07,0.6505894847796189
2.7236320919967492e-05,-5e-06,1.3888888888888888e-07,0.5660261256946968
2.7236320919967492e-05,-3.3333333333333333e-06,5.920138888888889e-06,0.6761324789042161
2.7236320919967492e-05,-1.666666666666667e-06,5.920138888888889e-06,0.711780972418985
2.7236320919967492e-05,7.500000000000001e-06,1.3888888888888888e-07,0.6507503473962923
2.7236320919967492e-05,-7.500000000000001e-06,1.7482638888888892e-05,0.8215185911721966
2.7236320919967492e-05,-5.833333333333334e-06,5.920138888888889e-06,0.6239216665922546
2.7236320919967492e-05,-2.4999999999999998e-06,5.920138888888889e-06,0.6938748350211578
2.7236320919967492e-05,-1.666666666666667e-06,1.3888888888888888e-07,0.6218752119477582
2.7236320919967492e-05,-6.666666666666667e-06,5.920138888888889e-06,0.6068660523917141
2.7236320919967492e-05,-8.333333333333334e-06,1.1701388888888889e-05,0.6622219407909798
2.7236320919967492e-05,-8.333333333333327e-07,5.920138888888889e-06,0.7298468909476631
2.7236320919967492e-05,-7.500000000000001e-06,1.1701388888888889e-05,0.6837775277787124
2.7236320919967492e-05,-2.4999999999999998e-06,1.1701388888888889e-05,0.8214525026004683
2.7236320919967492e-05,-3.3333333333333333e-06,1.1701388888888889e-05,0.7975272614201622
2.7236320919967492e-05,0.0,1.3888888888888888e-07,0.6500557138383266
2.7236320919967492e-05,8.333333333333344e-07,5.920138888888889e-06,0.7521003687431149
2.7236320919967492e-05,-8.333333333333327e-07,1.3888888888888888e-07,0.6359454596184329
2.7236320919967492e-05,-7.500000000000001e-06,5.920138888888889e-06,0.5899882162036705
2.7236320919967492e-05,-4.166666666666667e-06,5.920138888888889e-06,0.6585574662891943
2.7236320919967492e-05,2.5000000000000015e-06,1.3888888888888888e-07,0.65027762486429
2.7236320919967492e-05,7.500000000000001e-06,5.920138888888889e-06,0.7866218441713848
2.7236320919967492e-05,-5.833333333333334e-06,1.1701388888888889e-05,0.7280869279065459
2.7236320919967492e-05,1.666666666666667e-06,1.3888888888888888e-07,0.6502023392474251
2.7236320919967492e-05,-5.833333333333334e-06,1.7482638888888892e-05,0.882785766566645
2.7236320919967492e-05,5.000000000000001e-06,1.7482638888888892e-05,1.2573476949132931
2.7236320919967492e-05,-1.666666666666667e-06,1.1701388888888889e-05,0.8457560902238481
2.7236320919967492e-05,4.166666666666667e-06,5.920138888888889e-06,0.76894136219485
2.7236320919967492e-05,-6.666666666666667e-06,1.1701388888888889e-05,0.7057325085888767
2.7236320919967492e-05,0.0,1.1701388888888889e-05,0.8954607937030516
2.7236320919967492e-05,6.666666666666667e-06,1.3888888888888888e-07,0.6506695941605934
2.7236320919967492e-05,3.333333333333334e-06,1.3888888888888888e-07,0.650354088526851
2.7236320919967492e-05,5.000000000000001e-06,1.1701388888888889e-05,0.9619496794242128
2.7236320919967492e-05,-1e-05,1.1701388888888889e-05,0.6203031317737291
2.7236320919967492e-05,-5e-06,5.920138888888889e-06,0.6411529424227529
2.7236320919967492e-05,3.333333333333334e-06,1.1701388888888889e-05,0.9391227868997484
2.7236320919967492e-05,3.333333333333334e-06,5.920138888888889e-06,0.7646366313015067
2.7236320919967492e-05,1.666666666666667e-06,1.1701388888888889e-05,0.916913022797112
2.7236320919967492e-05,-9.166666666666668e-06,5.920138888888889e-06,0.556773195747033
2.7236320919967492e-05,-1e-05,1.7482638888888892e-05,0.7355167383261549
2.7236320919967492e-05,0.0,2.326388888888889e-05,1.4757140254311616
2.7236320919967492e-05,9.16666666666667e-06,5.920138888888889e-06,0.795651907110282
2.7236320919967492e-05,1.666666666666667e-06,1.7482638888888892e-05,1.165514886108068
2.7236320919967492e-05,-6.666666666666667e-06,1.7482638888888892e-05,0.8517554269679837
2.7236320919967492e-05,2.5000000000000015e-06,5.920138888888889e-06,0.760390716103355
2.7236320919967492e-05,0.0,3.4826388888888894e-05,2.9419450614883216
2.7236320919967492e-05,-9.166666666666668e-06,1.7482638888888892e-05,0.7634073429521879
2.7236320919967492e-05,-8.333333333333334e-06,1.7482638888888892e-05,0.7920714824724214
2.7236320919967492e-05,-6.666666666666667e-06,5.795138888888889e-05,9.789453233532155
2.7236320919967492e-05,5.000000000000001e-06,1.3888888888888888e-07,0.6505101257715344
2.7236320919967492e-05,-1e-05,2.326388888888889e-05,0.9053228353616187
2.7236320919967492e-05,6.666666666666667e-06,1.7482638888888892e-05,1.3048516609737582
2.7236320919967492e-05,-5.833333333333334e-06,2.326388888888889e-05,1.1172353304723501
2.7236320919967492e-05,-3.3333333333333333e-06,4.638888888888889e-05,5.344891289695569
2.7236320919967492e-05,2.5000000000000015e-06,3.4826388888888894e-05,3.322619823747303
2.7236320919967492e-05,8.333333333333335e-06,5.920138888888889e-06,0.791126106406673
2.7236320919967492e-05,1.666666666666667e-06,5.920138888888889e-06,0.7562099016266389
2.7236320919967492e-05,9.16666666666667e-06,1.3888888888888888e-07,0.6509133671715863
2.7236320919967492e-05,-4.166666666666667e-06,2.326388888888889e-05,1.2123844598224154
2.7236320919967492e-05,9.16666666666667e-06,1.1701388888888889e-05,1.0207914035937269
2.7236320919967492e-05,-4.166666666666667e-06,1.1701388888888889e-05,0.773987701817162
2.7236320919967492e-05,8.333333333333344e-07,1.1701388888888889e-05,0.9060836401775121
2.7236320919967492e-05,9.16666666666667e-06,5.795138888888889e-05,30.480393851392545
2.7236320919967492e-05,9.16666666666667e-06,4.060763888888889e-05,6.960464237923117
2.7236320919967492e-05,-6.666666666666667e-06,6.373263888888889e-05,15.583675097248971
2.7236320919967492e-05,5.833333333333336e-06,8.107638888888889e-05,205.08418450811718
2.7236320919967492e-05,5.833333333333336e-06,5.920138888888889e-06,0.7777019098360123
2.7236320919967492e-05,-1.666666666666667e-06,4.638888888888889e-05,6.056919392668496
2.7236320919967492e-05,3.333333333333334e-06,1.7482638888888892e-05,1.2107993444686405
2.7236320919967492e-05,2.5000000000000015e-06,2.326388888888889e-05,1.5985540716528754
2.7236320919967492e-05,-1e-05,5.795138888888889e-05,7.077036041021876
2.7236320919967492e-05,-4.166666666666667e-06,6.373263888888889e-05,19.846550688777047
2.7236320919967492e-05,-7.500000000000001e-06,4.060763888888889e-05,2.6050089694932175
2.7236320919967492e-05,9.16666666666667e-06,6.95138888888889e-05,86.17523757885469
2.7236320919967492e-05,5.000000000000001e-06,4.060763888888889e-05,5.761839182732794
2.7236320919967492e-05,6.666666666666667e-06,2.326388888888889e-05,1.815685372604987
2.7236320919967492e-05,-2.4999999999999998e-06,2.326388888888889e-05,1.3134513217510464
2.7236320919967492e-05,-5e-06,2.326388888888889e-05,1.1640639131529478
2.7236320919967492e-05,-4.166666666666667e-06,9.84201388888889e-05,423.5586771090034
2.7236320919967492e-05,-9.166666666666668e-06,5.217013888888889e-05,5.001337056259445
2.7236320919967492e-05,-5e-06,3.4826388888888894e-05,2.1593175653559733
2.7236320919967492e-05,-7.500000000000001e-06,4.638888888888889e-05,3.8352996544190723
2.7236320919967492e-05,7.500000000000001e-06,2.326388888888889e-05,1.860293404515017
2.7236320919967492e-05,-8.333333333333327e-07,2.326388888888889e-05,1.4202542893899652
2.7236320919967492e-05,6.666666666666667e-06,6.95138888888889e-05,75.06464928258177
2.7236320919967492e-05,1.666666666666667e-06,5.795138888888889e-05,19.67898044730592
2.7236320919967492e-05,-5e-06,6.95138888888889e-05,29.845116819791098
2.7236320919967492e-05,1e-05,3.4826388888888894e-05,4.5559952046798875
2.7236320919967492e-05,-6.666666666666667e-06,4.638888888888889e-05,4.1063596581096835
2.7236320919967492e-05,5.000000000000001e-06,9.84201388888889e-05,972.5188802243582
2.7236320919967492e-05,3.333333333333334e-06,8.68576388888889e-05,294.28971275177287
2.7236320919967492e-05,2.5000000000000015e-06,1.7482638888888892e-05,1.1879798453759582
2.7236320919967492e-05,-8.333333333333334e-06,4.638888888888889e-05,3.579283501145304
2.7236320919967492e-05,6.666666666666667e-06,4.060763888888889e-05,6.236840494365221
2.7236320919967492e-05,-5e-06,1.1701388888888889e-05,0.7508395416552459
2.7236320919967492e-05,-6.666666666666667e-06,7.52951388888889e-05,41.144506666764315
2.7236320919967492e-05,6.666666666666667e-06,9.84201388888889e-05,1088.17698539774
2.7236320919967492e-05,7.500000000000001e-06,6.373263888888889e-05,46.77053906270521
2.7236320919967492e-05,4.166666666666667e-06,8.107638888888889e-05,183.54338713583434
2.7236320919967492e-05,5.833333333333336e-06,4.638888888888889e-05,9.55553789142678
2.7236320919967492e-05,9.16666666666667e-06,6.373263888888889e-05,51.058925783456026
2.7236320919967492e-05,-6.666666666666667e-06,3.4826388888888894e-05,1.9371829765880741
2.7236320919967492e-05,9.16666666666667e-06,2.904513888888889e-05,2.882441171633723
2.7236320919967492e-05,-2.4999999999999998e-06,5.795138888888889e-05,14.241941036625294
2.7236320919967492e-05,0.0,4.638888888888889e-05,6.828531503956137
2.7236320919967492e-05,-5.833333333333334e-06,2.904513888888889e-05,1.4789560931574584
2.7236320919967492e-05,0.0,5.217013888888889e-05,10.826908641012773
2.7236320919967492e-05,-1e-05,8.107638888888889e-05,46.015242401804755
2.7236320919967492e-05,-9.166666666666668e-06,7.52951388888889e-05,31.125967052497426
2.7236320919967492e-05,-1.666666666666667e-06,5.217013888888889e-05,9.524743760156241
2.7236320919967492e-05,-9.166666666666668e-06,3.4826388888888894e-05,1.6403304124736129
2.7236320919967492e-05,-6.666666666666667e-06,4.060763888888889e-05,2.7712267500615906
2.7236320919967492e-05,-5e-06,2.904513888888889e-05,1.5507445821614207
2.7236320919967492e-05,5.000000000000001e-06,5.795138888888889e-05,24.339257496338774
2.7236320919967492e-05,5.000000000000001e-06,6.373263888888889e-05,40.44936791558709
2.7236320919967492e-05,1.666666666666667e-06,0.00012154513888888889,6614.031957473144
2.7236320919967492e-05,-9.166666666666668e-06,9.84201388888889e-05,232.2129852223034
2.7236320919967492e-05,2.5000000000000015e-06,4.638888888888889e-05,7.956470696921073
2.7236320919967492e-05,9.16666666666667e-06,3.4826388888888894e-05,4.415882834930793
2.7236320919967492e-05,4.166666666666667e-06,5.217013888888889e-05,14.118181014648572
2.7236320919967492e-05,-5e-06,8.107638888888889e-05,81.4266317536095
2.7236320919967492e-05,-2.4999999999999998e-06,2.904513888888889e-05,1.782417775443455
2.7236320919967492e-05,-6.666666666666667e-06,6.95138888888889e-05,25.175088944109074
2.7236320919967492e-05,-5.833333333333334e-06,4.060763888888889e-05,2.946104673694829
2.7236320919967492e-05,-8.333333333333327e-07,1.7482638888888892e-05,1.0854065608028118
2.7236320919967492e-05,8.333333333333335e-06,4.638888888888889e-05,10.797037614865703
2.7236320919967492e-05,-8.333333333333334e-06,7.52951388888889e-05,34.222322530820364
2.7236320919967492e-05,-4.166666666666667e-06,3.4826388888888894e-05,2.2777567981987947
2.7236320919967492e-05,-4.166666666666667e-06,0.0001157638888888889,2091.393126047516
2.7236320919967492e-05,-7.500000000000001e-06,7.52951388888889e-05,37.55910412313731
2.7236320919967492e-05,8.333333333333335e-06,0.0001157638888888889,6254.282779736616
2.7236320919967492e-05,-5e-06,7.52951388888889e-05,49.088241156072094
2.7236320919967492e-05,1e-05,5.920138888888889e-06,0.8001934704908047
2.7236320919967492e-05,8.333333333333344e-07,1.7482638888888892e-05,1.1434424782582382
2.7236320919967492e-05,-5.833333333333334e-06,4.638888888888889e-05,4.392718532572255
2.7236320919967492e-05,1e-05,4.060763888888889e-05,7.202932117219738
2.7236320919967492e-05,1.666666666666667e-06,6.95138888888889e-05,53.9511196624649
2.7236320919967492e-05,7.500000000000001e-06,4.060763888888889e-05,6.477005300741077
2.7236320919967492e-05,6.666666666666667e-06,5.217013888888889e-05,16.221300190705996
2.7236320919967492e-05,-5.833333333333334e-06,9.84201388888889e-05,349.9945728506092
2.7236320919967492e-05,8.333333333333344e-07,5.795138888888889e-05,18.570746168297212
2.7236320919967492e-05,-5e-06,1.7482638888888892e-05,0.9146101303944575
2.7236320919967492e-05,2.5000000000000015e-06,7.52951388888889e-05,96.29243816866378
2.7236320919967492e-05,5.000000000000001e-06,0.0001157638888888889,4994.829875363267
2.7236320919967492e-05,2.5000000000000015e-06,8.107638888888889e-05,162.75471952521508
2.7236320919967492e-05,8.333333333333335e-06,1.1701388888888889e-05,1.0088888776563698
2.7236320919967492e-05,-3.3333333333333333e-06,5.217013888888889e-05,8.328766017343112
2.7236320919967492e-05,8.333333333333344e-07,4.060763888888889e-05,4.627114790037731
2.7236320919967492e-05,5.833333333333336e-06,3.4826388888888894e-05,3.859859101200345
2.7236320919967492e-05,-8.333333333333327e-07,6.373263888888889e-05,26.729472945457257
2.7236320919967492e-05,2.5000000000000015e-06,4.060763888888889e-05,5.0696058251996545
2.7236320919967492e-05,4.166666666666667e-06,6.95138888888889e-05,64.25038969383935
2.7236320919967492e-05,-2.4999999999999998e-06,6.373263888888889e-05,23.117427019019157
2.7236320919967492e-05,8.333333333333344e-07,7.52951388888889e-05,84.82339842687173
2.7236320919967492e-05,0.0,1.7482638888888892e-05,1.1217997642327573
2.7236320919967492e-05,-8.333333333333327e-07,6.95138888888889e-05,44.165078539046
2.7236320919967492e-05,-8.333333333333327e-07,1.1701388888888889e-05,0.8704290530331252
2.7236320919967492e-05,-9.166666666666668e-06,2.326388888888889e-05,0.9447890667857802
2.7236320919967492e-05,-4.166666666666667e-06,1.7482638888888892e-05,0.9472255447400298
2.7236320919967492e-05,-1.666666666666667e-06,3.4826388888888894e-05,2.6622254951529354
2.7236320919967492e-05,-5.833333333333334e-06,6.95138888888889e-05,27.435726220025057
2.7236320919967492e-05,3.333333333333334e-06,7.52951388888889e-05,102.23190580236228
2.7236320919967492e-05,-7.500000000000001e-06,8.107638888888889e-05,61.76800376553253
2.7236320919967492e-05,-1e-05,5.217013888888889e-05,4.630907933990782
2.7236320919967492e-05,-9.166666666666668e-06,5.795138888888889e-05,7.688230155876391
2.7236320919967492e-05,3.333333333333334e-06,4.060763888888889e-05,5.2970198874071
2.7236320919967492e-05,1.666666666666667e-06,8.107638888888889e-05,152.70467610780318
2.7236320919967492e-05,5.833333333333336e-06,4.060763888888889e-05,5.998300293782621
2.7236320919967492e-05,6.666666666666667e-06,4.638888888888889e-05,9.966718952731375
2.7236320919967492e-05,-6.666666666666667e-06,0.0001157638888888889,1541.6750157875379
2.7236320919967492e-05,8.333333333333335e-06,7.52951388888889e-05,139.8457505485292
2.7236320919967492e-05,-8.333333333333327e-07,8.68576388888889e-05,208.57871275989876
2.7236320919967492e-05,-1.666666666666667e-06,8.107638888888889e-05,114.18987139681148
2.7236320919967492e-05,8.333333333333335e-06,1.7482638888888892e-05,1.3530101990164103
2.7236320919967492e-05,-6.666666666666667e-06,2.904513888888889e-05,1.4098989460963345
2.7236320919967492e-05,-8.333333333333327e-07,7.52951388888889e-05,73.61773914232863
2.7236320919967492e-05,7.500000000000001e-06,6.95138888888889e-05,78.74578142641174
2.7236320919967492e-05,3.333333333333334e-06,2.904513888888889e-05,2.33169663048854
2.7236320919967492e-05,-5.833333333333334e-06,3.4826388888888894e-05,2.045795643578142
2.7236320919967492e-05,1e-05,9.263888888888889e-05,769.2951670763908
2.7236320919967492e-05,3.333333333333334e-06,3.4826388888888894e-05,3.4542701108689133
2.7236320919967492e-05,-8.333333333333334e-06,2.326388888888889e-05,0.9856929304997771
2.7236320919967492e-05,2.5000000000000015e-06,5.795138888888889e-05,20.81252618107245
2.7236320919967492e-05,-1.666666666666667e-06,2.904513888888889e-05,1.8649734019589288
2.7236320919967492e-05,1e-05,5.217013888888889e-05,19.09342861141138
2.7236320919967492e-05,9.16666666666667e-06,1.7482638888888892e-05,1.3772449569284049
2.7236320919967492e-05,-7.500000000000001e-06,3.4826388888888894e-05,1.8334447507289562
2.7236320919967492e-05,5.833333333333336e-06,2.326388888888889e-05,1.7713722738377775
2.7236320919967492e-05,2.5000000000000015e-06,1.1701388888888889e-05,0.9279318920513768
2.7236320919967492e-05,5.833333333333336e-06,1.7482638888888892e-05,1.280999318815419
2.7236320919967492e-05,-3.3333333333333333e-06,6.373263888888889e-05,21.438941913295263
2.7236320919967492e-05,0.0,2.904513888888889e-05,2.037723335218908
2.7236320919967492e-05,-2.4999999999999998e-06,1.7482638888888892e-05,1.0147990486069003
2.7236320919967492e-05,-4.166666666666667e-06,6.95138888888889e-05,32.40541235116547
2.7236320919967492e-05,2.5000000000000015e-06,2.904513888888889e-05,2.2562238957726297
2.7236320919967492e-05,5.000000000000001e-06,2.326388888888889e-05,1.7274273229153692
2.7236320919967492e-05,7.500000000000001e-06,2.904513888888889e-05,2.7224664959841616
2.7236320919967492e-05,-1e-05,6.373263888888889e-05,11.049187551878914
2.7236320919967492e-05,8.333333333333344e-07,9.84201388888889e-05,702.9565446098538
2.7236320919967492e-05,-4.166666666666667e-06,5.795138888888889e-05,12.315185434721148
2.7236320919967492e-05,8.333333333333335e-06,0.00010998263888888889,3606.3801925784924
2.7236320919967492e-05,8.333333333333335e-06,4.060763888888889e-05,6.718354268570058
2.7236320919967492e-05,-9.166666666666668e-06,2.904513888888889e-05,1.2189110014169164
2.7236320919967492e-05,5.833333333333336e-06,6.95138888888889e-05,71.41631312343547
2.7236320919967492e-05,5.833333333333336e-06,7.52951388888889e-05,120.7012926123213
2.7236320919967492e-05,4.166666666666667e-06,1.1701388888888889e-05,0.9504679902620617
2.7236320919967492e-05,-3.3333333333333333e-06,8.107638888888889e-05,96.85566335090049
2.7236320919967492e-05,-1.666666666666667e-06,2.326388888888889e-05,1.3661522920321372
2.7236320919967492e-05,5.000000000000001e-06,5.217013888888889e-05,14.811497745424592
2.7236320919967492e-05,6.666666666666667e-06,6.373263888888889e-05,44.64419403047244
2.7236320919967492e-05,1e-05,7.52951388888889e-05,152.7983890480039
2.7236320919967492e-05,8.333333333333335e-06,2.904513888888889e-05,2.8023245293905386
2.7236320919967492e-05,-7.500000000000001e-06,2.904513888888889e-05,1.34355924066596
2.7236320919967492e-05,-8.333333333333334e-06,9.263888888888889e-05,154.29841542243818
2.7236320919967492e-05,-5e-06,6.373263888888889e-05,18.340304172625725
2.7236320919967492e-05,-5.833333333333334e-06,8.107638888888889e-05,74.41770419951504
2.7236320919967492e-05,-8.333333333333327e-07,9.263888888888889e-05,353.71092038766415
2.7236320919967492e-05,-9.166666666666668e-06,8.107638888888889e-05,50.857386383682396
2.7236320919967492e-05,4.166666666666667e-06,5.795138888888889e-05,23.145291734392867
2.7236320919967492e-05,-9.166666666666668e-06,4.060763888888889e-05,2.298012767794907
2.7236320919967492e-05,0.0,7.52951388888889e-05,79.32038417890581
2.7236320919967492e-05,-8.333333333333327e-07,4.060763888888889e-05,4.178135177225196
2.7236320919967492e-05,9.16666666666667e-06,0.0001157638888888889,6578.410814055212
2.7236320919967492e-05,-3.3333333333333333e-06,1.7482638888888892e-05,0.9806253481627397
2.7236320919967492e-05,9.16666666666667e-06,0.00010998263888888889,3790.8461264761336
2.7236320919967492e-05,8.333333333333344e-07,9.263888888888889e-05,411.74528490521146
2.7236320919967492e-05,7.500000000000001e-06,5.795138888888889e-05,27.999875215379056
2.7236320919967492e-05,7.500000000000001e-06,9.263888888888889e-05,666.5332379598505
2.7236320919967492e-05,9.16666666666667e-06,8.68576388888889e-05,427.5677088767966
2.7236320919967492e-05,5.000000000000001e-06,7.52951388888889e-05,114.45071625791618
2.7236320919967492e-05,-8.333333333333334e-06,4.060763888888889e-05,2.447326280406091
2.7236320919967492e-05,-6.666666666666667e-06,8.107638888888889e-05,67.86855022992519
2.7236320919967492e-05,-7.500000000000001e-06,9.263888888888889e-05,170.7827579957277
2.7236320919967492e-05,-1e-05,8.68576388888889e-05,75.59894627759115
2.7236320919967492e-05,-1.666666666666667e-06,5.795138888888889e-05,15.277776593877377
2.7236320919967492e-05,9.16666666666667e-06,5.217013888888889e-05,18.37224267889242
2.7236320919967492e-05,1e-05,2.904513888888889e-05,2.9626941773675917
2.7236320919967492e-05,-6.666666666666667e-06,2.326388888888889e-05,1.0719014912148148
2.7236320919967492e-05,4.166666666666667e-06,7.52951388888889e-05,108.28943916388307
2.7236320919967492e-05,-5.833333333333334e-06,6.373263888888889e-05,16.919690609916056
2.7236320919967492e-05,7.500000000000001e-06,5.217013888888889e-05,16.934855193067797
2.7236320919967492e-05,5.833333333333336e-06,5.217013888888889e-05,15.51303087214549
2.7236320919967492e-05,8.333333333333335e-06,3.4826388888888894e-05,4.275984429549069
2.7236320919967492e-05,1.666666666666667e-06,3.4826388888888894e-05,3.193178438737217
2.7236320919967492e-05,-3.3333333333333333e-06,2.326388888888889e-05,1.2621864494690809
2.7236320919967492e-05,6.666666666666667e-06,1.1701388888888889e-05,0.9852515449324614
2.7236320919967492e-05,-8.333333333333327e-07,5.217013888888889e-05,10.162882285542949
2.7236320919967492e-05,1e-05,5.795138888888889e-05,31.7254719418458
2.7236320919967492e-05,-1e-05,4.060763888888889e-05,2.156866107069299
2.7236320919967492e-05,-9.166666666666668e-06,4.638888888888889e-05,3.337983789892455
2.7236320919967492e-05,8.333333333333344e-07,5.217013888888889e-05,11.456920298536106
2.7236320919967492e-05,-1.666666666666667e-06,7.52951388888889e-05,68.17620526646118
2.7236320919967492e-05,2.5000000000000015e-06,5.217013888888889e-05,12.762182110812809
2.7236320919967492e-05,5.833333333333336e-06,2.904513888888889e-05,2.564043693545672
2.7236320919967492e-05,3.333333333333334e-06,6.373263888888889e-05,36.362432630365745
2.7236320919967492e-05,7.500000000000001e-06,1.1701388888888889e-05,0.9970367865448676
2.7236320919967492e-05,2.5000000000000015e-06,6.373263888888889e-05,34.37106670724048
2.7236320919967492e-05,4.166666666666667e-06,1.7482638888888892e-05,1.233934858718227
2.7236320919967492e-05,-5e-06,5.217013888888889e-05,7.242313886208271
2.7236320919967492e-05,-2.4999999999999998e-06,0.0001273263888888889,7474.390821444958
2.7236320919967492e-05,-5e-06,9.84201388888889e-05,385.49408098323147
2.7236320919967492e-05,-3.3333333333333333e-06,6.95138888888889e-05,35.11784722758407
2.7236320919967492e-05,1.666666666666667e-06,5.217013888888889e-05,12.10247946127011
2.7236320919967492e-05,8.333333333333344e-07,0.0001042013888888889,1203.9040165811384
2.7236320919967492e-05,1e-05,4.638888888888889e-05,11.632859966428853
2.7236320919967492e-05,5.000000000000001e-06,2.904513888888889e-05,2.4857494419573163
2.7236320919967492e-05,-5.833333333333334e-06,5.217013888888889e-05,6.740385122168767
2.7236320919967492e-05,5.000000000000001e-06,6.95138888888889e-05,67.80883321296564
2.7236320919967492e-05,7.500000000000001e-06,1.7482638888888892e-05,1.3288673969615863
2.7236320919967492e-05,3.333333333333334e-06,2.326388888888889e-05,1.6409421762651497
2.7236320919967492e-05,1.666666666666667e-06,2.904513888888889e-05,2.181977459016436
2.7236320919967492e-05,0.0,6.95138888888889e-05,47.477694208084365
2.7236320919967492e-05,-1e-05,4.638888888888889e-05,3.1110090985187333
2.7236320919967492e-05,-2.4999999999999998e-06,3.4826388888888894e-05,2.5292761142254574
2.7236320919967492e-05,7.500000000000001e-06,3.4826388888888894e-05,4.136523248826453
2.7236320919967492e-05,-8.333333333333334e-06,2.904513888888889e-05,1.2799097443794507
2.7236320919967492e-05,-1.666666666666667e-06,1.7482638888888892e-05,1.0497322368402706
2.7236320919967492e-05,-8.333333333333327e-07,0.0001388888888888889,26889.561007982284
2.7236320919967492e-05,1.666666666666667e-06,9.263888888888889e-05,441.1694427388439
2.7236320919967492e-05,9.16666666666667e-06,4.638888888888889e-05,11.214626817459292
2.7236320919967492e-05,9.16666666666667e-06,7.52951388888889e-05,146.31189414681063
2.7236320919967492e-05,-3.3333333333333333e-06,7.52951388888889e-05,58.093868389135814
2.7236320919967492e-05,8.333333333333344e-07,8.68576388888889e-05,242.05571977708104
2.7236320919967492e-05,4.166666666666667e-06,0.0001157638888888889,4692.946785124252
2.7236320919967492e-05,-8.333333333333327e-07,5.795138888888889e-05,16.360946502733846
2.7236320919967492e-05,-7.500000000000001e-06,5.217013888888889e-05,5.818071513891188
2.7236320919967492e-05,0.0,9.263888888888889e-05,383.23021568386974
2.7236320919967492e-05,-8.333333333333334e-06,0.0001157638888888889,1241.8265567768647
2.7236320919967492e-05,2.5000000000000015e-06,9.263888888888889e-05,471.43516877835964
2.7236320919967492e-05,-8.333333333333334e-06,5.217013888888889e-05,5.396809157463346
2.7236320919967492e-05,5.833333333333336e-06,6.373263888888889e-05,42.53561704740564
2.7236320919967492e-05,6.666666666666667e-06,8.107638888888889e-05,216.0733330932335
2.7236320919967492e-05,8.333333333333344e-07,3.4826388888888894e-05,3.066203269250706
2.7236320919967492e-05,4.166666666666667e-06,0.0001331076388888889,24476.97842007854
2.7236320919967492e-05,8.333333333333335e-06,2.326388888888889e-05,1.905125281326964
2.7236320919967492e-05,-3.3333333333333333e-06,5.795138888888889e-05,13.254254585628642
2.7236320919967492e-05,-1.666666666666667e-06,9.84201388888889e-05,553.5403171155094
2.7236320919967492e-05,0.0,0.00012154513888888889,5683.318735653499
2.7236320919967492e-05,8.333333333333335e-06,6.373263888888889e-05,48.91021120211523
2.7236320919967492e-05,1.666666666666667e-06,2.326388888888889e-05,1.5568369879891262
2.7236320919967492e-05,9.16666666666667e-06,2.326388888888889e-05,1.9501124971307455
2.7236320919967492e-05,-7.500000000000001e-06,0.0001042013888888889,482.57836204405913
2.7236320919967492e-05,-8.333333333333334e-06,3.4826388888888894e-05,1.7345213281971215
2.7236320919967492e-05,-1.666666666666667e-06,0.0001388888888888889,24502.038175808477
2.7236320919967492e-05,-4.166666666666667e-06,8.68576388888889e-05,148.83148938694714
2.7236320919967492e-05,4.166666666666667e-06,9.263888888888889e-05,534.2022233657674
2.7236320919967492e-05,7.500000000000001e-06,4.638888888888889e-05,10.380815369099729
2.7236320919967492e-05,5.833333333333336e-06,0.0001331076388888889,27777.709544472888
2.7236320919967492e-05,-1.666666666666667e-06,4.060763888888889e-05,3.951424874541536
2.7236320919967492e-05,5.000000000000001e-06,0.0001042013888888889,1674.0059018774891
2.7236320919967492e-05,-9.166666666666668e-06,9.263888888888889e-05,139.09729989049347
2.7236320919967492e-05,-1.666666666666667e-06,6.373263888888889e-05,24.881359686870898
2.7236320919967492e-05,-7.500000000000001e-06,0.00010998263888888889,816.262794933537
2.7236320919967492e-05,5.000000000000001e-06,3.4826388888888894e-05,3.7231514884972237
2.7236320919967492e-05,5.000000000000001e-06,8.107638888888889e-05,194.23241528691113
2.7236320919967492e-05,4.166666666666667e-06,3.4826388888888894e-05,3.5878681291605545
2.7236320919967492e-05,2.5000000000000015e-06,0.0001157638888888889,4109.92053883656
2.7236320919967492e-05,-5.833333333333334e-06,5.795138888888889e-05,10.583117004216758
2.7236320919967492e-05,-5e-06,0.00012154513888888889,3239.376199835851
2.7236320919967492e-05,8.333333333333335e-06,5.217013888888889e-05,17.652287630086107
2.7236320919967492e-05,8.333333333333335e-06,0.0001042013888888889,2083.724382168241
2.7236320919967492e-05,-2.4999999999999998e-06,8.68576388888889e-05,177.01772793788453
2.7236320919967492e-05,-9.166666666666668e-06,0.00012154513888888889,1884.0014552781572
2.7236320919967492e-05,0.0,5.795138888888889e-05,17.49028222796993
2.7236320919967492e-05,-8.333333333333327e-07,3.4826388888888894e-05,2.799829409568479
2.7236320919967492e-05,9.16666666666667e-06,0.0001273263888888889,19913.26166719574
2.7236320919967492e-05,3.333333333333334e-06,5.217013888888889e-05,13.434576768627421
2.7236320919967492e-05,8.333333333333335e-06,9.84201388888889e-05,1206.6776424877582
2.7236320919967492e-05,-1e-05,3.4826388888888894e-05,1.5507693884888363
2.7236320919967492e-05,-8.333333333333334e-06,6.95138888888889e-05,21.087391081021067
2.7236320919967492e-05,-4.166666666666667e-06,0.00010998263888888889,1224.401433754384
2.7236320919967492e-05,-5e-06,4.060763888888889e-05,3.1297227616909065
2.7236320919967492e-05,3.333333333333334e-06,4.638888888888889e-05,8.347709521333567
2.7236320919967492e-05,-1.666666666666667e-06,0.0001331076388888889,14168.507509756915
2.7236320919967492e-05,1e-05,0.0001157638888888889,6904.798141657712
2.7236320919967492e-05,0.0,6.373263888888889e-05,28.659862886611933
2.7236320919967492e-05,-3.3333333333333333e-06,3.4826388888888894e-05,2.4010929968702928
2.7236320919967492e-05,-6.666666666666667e-06,5.217013888888889e-05,6.265760324499794
2.7236320919967492e-05,1e-05,8.107638888888889e-05,260.9106933299106
2.7236320919967492e-05,3.333333333333334e-06,9.84201388888889e-05,860.8004477405893
2.7236320919967492e-05,-3.3333333333333333e-06,0.0001388888888888889,20173.299401631444
2.7236320919967492e-05,-1e-05,6.95138888888889e-05,17.549791802215147
2.7236320919967492e-05,2.5000000000000015e-06,9.84201388888889e-05,806.758292982001
2.7236320919967492e-05,2.5000000000000015e-06,8.68576388888889e-05,276.43685669460723
2.7236320919967492e-05,6.666666666666667e-06,2.904513888888889e-05,2.64299516124692
2.7236320919967492e-05,6.666666666666667e-06,8.68576388888889e-05,369.11009984263603
2.7236320919967492e-05,8.333333333333335e-06,5.795138888888889e-05,29.237760932643532
2.7236320919967492e-05,8.333333333333344e-07,4.638888888888889e-05,7.196071801386285
2.7236320919967492e-05,-2.4999999999999998e-06,4.060763888888889e-05,3.7330672037543104
2.7236320919967492e-05,4.166666666666667e-06,6.373263888888889e-05,38.39008357898319
2.7236320919967492e-05,5.833333333333336e-06,1.1701388888888889e-05,0.9735500690649836
2.7236320919967492e-05,3.333333333333334e-06,0.0001331076388888889,22883.960815956358
2.7236320919967492e-05,5.833333333333336e-06,0.0001388888888888889,48389.68058897963
2.7236320919967492e-05,5.833333333333336e-06,9.84201388888889e-05,1029.9242249308845
2.7236320919967492e-05,1.666666666666667e-06,6.373263888888889e-05,32.42056956932589
2.7236320919967492e-05,-1e-05,2.904513888888889e-05,1.1605125439975927
2.7236320919967492e-05,-3.3333333333333333e-06,0.00012154513888888889,3949.4293944084193
2.7236320919967492e-05,1e-05,6.373263888888889e-05,53.21258714728648
2.7236320919967492e-05,1.666666666666667e-06,0.00010998263888888889,2222.7346656972463
2.7236320919967492e-05,5.833333333333336e-06,5.795138888888889e-05,25.54808420027893
2.7236320919967492e-05,-8.333333333333327e-07,0.0001042013888888889,1028.6094423185193
2.7236320919967492e-05,-3.3333333333333333e-06,2.904513888888889e-05,1.7024988294654047
2.7236320919967492e-05,-5e-06,5.795138888888889e-05,11.42486747518565
2.7236320919967492e-05,0.0,8.68576388888889e-05,225.60756962070818
2.7236320919967492e-05,-8.333333333333327e-07,2.904513888888889e-05,1.9501019329152127
2.7236320919967492e-05,1e-05,0.0001042013888888889,2294.564939880761
2.7236320919967492e-05,-3.3333333333333333e-06,0.0001273263888888889,6788.196985805122
2.7236320919967492e-05,8.333333333333335e-06,6.95138888888889e-05,82.45184467832091
2.7236320919967492e-05,-4.166666666666667e-06,2.904513888888889e-05,1.6252640048244278
2.7236320919967492e-05,6.666666666666667e-06,0.0001157638888888889,5615.666488234298
2.7236320919967492e-05,-8.333333333333327e-07,4.638888888888889e-05,6.4354753673897696
2.7236320919967492e-05,-8.333333333333327e-07,0.0001331076388888889,15532.60358243175
2.7236320919967492e-05,6.666666666666667e-06,3.4826388888888894e-05,3.997733547146879
2.7236320919967492e-05,4.166666666666667e-06,2.904513888888889e-05,2.4082529128188668
2.7236320919967492e-05,5.000000000000001e-06,8.68576388888889e-05,331.10665076984657
2.7236320919967492e-05,-5e-06,8.68576388888889e-05,135.99804174650407
2.7236320919967492e-05,3.333333333333334e-06,5.795138888888889e-05,21.968833616922883
2.7236320919967492e-05,1e-05,8.68576388888889e-05,447.27129188100554
2.7236320919967492e-05,-9.166666666666668e-06,1.1701388888888889e-05,0.6410645462795812
2.7236320919967492e-05,-8.333333333333334e-06,0.0001042013888888889,434.12521387584104
2.7236320919967492e-05,5.000000000000001e-06,9.263888888888889e-05,566.5522079688255
2.7236320919967492e-05,-4.166666666666667e-06,5.217013888888889e-05,7.771759226288152
2.7236320919967492e-05,7.500000000000001e-06,8.107638888888889e-05,227.17476274852157
2.7236320919967492e-05,5.000000000000001e-06,0.00010998263888888889,2888.4875817205498
2.7236320919967492e-05,1e-05,6.95138888888889e-05,89.90868190122686
2.7236320919967492e-05,7.500000000000001e-06,0.00010998263888888889,3423.494540531685
2.7236320919967492e-05,3.333333333333334e-06,8.107638888888889e-05,173.0424612325619
2.7236320919967492e-05,1.666666666666667e-06,4.060763888888889e-05,4.846149981489625
2.7236320919967492e-05,3.333333333333334e-06,6.95138888888889e-05,60.749200585716444
2.7236320919967492e-05,-1e-05,0.0001273263888888889,2849.9123377126148
2.7236320919967492e-05,-6.666666666666667e-06,0.00010998263888888889,906.8009496693942
2.7236320919967492e-05,-1.666666666666667e-06,8.68576388888889e-05,192.37821160398047
2.7236320919967492e-05,-8.333333333333334e-06,0.0001388888888888889,10528.895154794955
2.7236320919967492e-05,8.333333333333344e-07,6.373263888888889e-05,30.515404764660104
2.7236320919967492e-05,4.166666666666667e-06,2.326388888888889e-05,1.683925340994659
2.7236320919967492e-05,-6.666666666666667e-06,9.84201388888889e-05,316.99750606224484
2.7236320919967492e-05,-1.666666666666667e-06,6.95138888888889e-05,40.99904760690551
2.7236320919967492e-05,3.333333333333334e-06,0.0001273263888888889,13183.24756448403
2.7236320919967492e-05,-7.500000000000001e-06,0.0001331076388888889,6889.688317287251
2.7236320919967492e-05,-3.3333333333333333e-06,9.84201388888889e-05,464.2363938209731
2.7236320919967492e-05,-8.333333333333327e-07,0.00012154513888888889,5210.141261160455
2.7236320919967492e-05,3.333333333333334e-06,0.00010998263888888889,2547.428773541877
2.7236320919967492e-05,-6.666666666666667e-06,0.0001331076388888889,7700.416324871413
2.7236320919967492e-05,5.000000000000001e-06,4.638888888888889e-05,9.14808631832367
2.7236320919967492e-05,5.833333333333336e-06,0.00012154513888888889,9193.997152991644
2.7236320919967492e-05,-7.500000000000001e-06,6.95138888888889e-05,23.060219978985856
2.7236320919967492e-05,-9.166666666666668e-06,0.00010998263888888889,656.4735549513395
2.7236320919967492e-05,0.0,9.84201388888889e-05,653.4380406972443
2.7236320919967492e-05,-4.166666666666667e-06,4.060763888888889e-05,3.322112233580697
2.7236320919967492e-05,1.666666666666667e-06,0.0001157638888888889,3830.181110717674
2.7236320919967492e-05,-7.500000000000001e-06,8.68576388888889e-05,102.37825320468627
2.7236320919967492e-05,-1e-05,0.00012154513888888889,1677.318699824097
2.7236320919967492e-05,-2.4999999999999998e-06,0.00010998263888888889,1476.5668455926034
2.7236320919967492e-05,-5.833333333333334e-06,0.0001331076388888889,8583.094545525662
2.7236320919967492e-05,-1e-05,0.0001331076388888889,4855.454562846193
2.7236320919967492e-05,1.666666666666667e-06,0.0001273263888888889,11442.958669125908
2.7236320919967492e-05,7.500000000000001e-06,0.0001331076388888889,31204.59485396332
2.7236320919967492e-05,-5.833333333333334e-06,7.52951388888889e-05,44.985616889643666
2.7236320919967492e-05,-1.666666666666667e-06,0.00010998263888888889,1615.1651209980653
2.7236320919967492e-05,8.333333333333335e-06,8.68576388888889e-05,407.9456115416715
2.7236320919967492e-05,-8.333333333333334e-06,5.795138888888889e-05,8.343121345331289
2.7236320919967492e-05,6.666666666666667e-06,0.0001331076388888889,29477.42079417009
2.7236320919967492e-05,-2.4999999999999998e-06,0.0001388888888888889,22263.826537382447
2.7236320919967492e-05,2.5000000000000015e-06,0.00010998263888888889,2382.8368878386027
2.7236320919967492e-05,0.0,0.0001273263888888889,9814.921800036573
2.7236320919967492e-05,-7.500000000000001e-06,0.00012154513888888889,2358.6042553763587
2.7236320919967492e-05,8.333333333333344e-07,2.326388888888889e-05,1.515865892677442
2.7236320919967492e-05,2.5000000000000015e-06,0.0001388888888888889,37061.31818000779
2.7236320919967492e-05,-4.166666666666667e-06,8.107638888888889e-05,88.90399500429632
2.7236320919967492e-05,5.000000000000001e-06,0.0001388888888888889,45453.86045258248
2.7236320919967492e-05,-9.166666666666668e-06,6.373263888888889e-05,12.065985157336993
2.7236320919967492e-05,9.16666666666667e-06,0.0001388888888888889,60635.72067796644
2.7236320919967492e-05,6.666666666666667e-06,5.795138888888889e-05,26.769148435304615
2.7236320919967492e-05,-7.500000000000001e-06,6.373263888888889e-05,14.330744258966613
2.7236320919967492e-05,5.000000000000001e-06,0.0001273263888888889,15019.648551307891
2.7236320919967492e-05,-9.166666666666668e-06,0.0001388888888888889,9356.78313982823
2.7236320919967492e-05,8.333333333333335e-06,0.00012154513888888889,10865.992269791395
2.7236320919967492e-05,9.16666666666667e-06,0.0001331076388888889,34725.05172813788
2.7236320919967492e-05,1e-05,2.326388888888889e-05,1.9951895171608898
2.7236320919967492e-05,-1e-05,0.00010998263888888889,586.5628019597776
2.7236320919967492e-05,7.500000000000001e-06,8.68576388888889e-05,388.44566549144184
2.7236320919967492e-05,2.5000000000000015e-06,0.00012154513888888889,7103.405179945675
2.7236320919967492e-05,8.333333333333344e-07,0.0001388888888888889,31877.692301499606
2.7236320919967492e-05,-9.166666666666668e-06,6.95138888888889e-05,19.252225032973744
2.7236320919967492e-05,-8.333333333333334e-06,0.0001273263888888889,3597.6788993182677
2.7236320919967492e-05,7.500000000000001e-06,0.0001273263888888889,17915.468746775477
2.7236320919967492e-05,-8.333333333333327e-07,0.00010998263888888889,1762.1493118193655
2.7236320919967492e-05,-1e-05,9.84201388888889e-05,208.37007645232728
2.7236320919967492e-05,-8.333333333333334e-06,8.68576388888889e-05,92.7281613153542
2.7236320919967492e-05,-6.666666666666667e-06,0.0001273263888888889,4493.852258651416
2.7236320919967492e-05,4.166666666666667e-06,4.638888888888889e-05,8.745196144404765
2.7236320919967492e-05,1e-05,0.00010998263888888889,3976.4912490870943
2.7236320919967492e-05,-1e-05,0.0001157638888888889,990.1952284703725
2.7236320919967492e-05,-5.833333333333334e-06,0.0001042013888888889,591.9579853161337
2.7236320919967492e-05,-5e-06,9.263888888888889e-05,228.4276789598279
2.7236320919967492e-05,8.333333333333344e-07,2.904513888888889e-05,2.1090981281816608
2.7236320919967492e-05,4.166666666666667e-06,0.0001042013888888889,1575.4575683592989
2.7236320919967492e-05,1e-05,0.0001273263888888889,20925.511541459175
2.7236320919967492e-05,7.500000000000001e-06,0.0001388888888888889,54426.52535689827
2.7236320919967492e-05,-4.166666666666667e-06,7.52951388888889e-05,53.4567392565829
2.7236320919967492e-05,-8.333333333333327e-07,8.107638888888889e-05,123.56796820361279
2.7236320919967492e-05,4.166666666666667e-06,4.060763888888889e-05,5.527922004627499
2.7236320919967492e-05,-5e-06,0.0001042013888888889,653.1850679639157
2.7236320919967492e-05,1.666666666666667e-06,0.0001388888888888889,34424.28717634567
2.7236320919967492e-05,6.666666666666667e-06,7.52951388888889e-05,127.02675743777569
2.7236320919967492e-05,-5e-06,4.638888888888889e-05,4.6945509919475805
2.7236320919967492e-05,3.333333333333334e-06,0.0001388888888888889,39782.87246119633
2.7236320919967492e-05,-1e-05,9.263888888888889e-05,125.12294584943565
2.7236320919967492e-05,6.666666666666667e-06,9.263888888888889e-05,632.7958820878736
2.7236320919967492e-05,5.000000000000001e-06,0.0001331076388888889,26109.547052086367
2.7236320919967492e-05,1e-05,9.84201388888889e-05,1326.9533585070408
2.7236320919967492e-05,-5e-06,0.0001388888888888889,16423.947337951453
2.7236320919967492e-05,-1.666666666666667e-06,9.263888888888889e-05,325.66703375427466
2.7236320919967492e-05,-3.3333333333333333e-06,4.060763888888889e-05,3.5232522397183668
2.7236320919967492e-05,1.666666666666667e-06,8.68576388888889e-05,259.01181264890175
2.7236320919967492e-05,0.0,8.107638888888889e-05,133.41114392906687
2.7236320919967492e-05,-1e-05,0.0001388888888888889,8292.669431789942
2.7236320919967492e-05,-5.833333333333334e-06,8.68576388888889e-05,123.99003819267196
2.7236320919967492e-05,-5e-06,0.0001331076388888889,9540.737400319125
2.7236320919967492e-05,-5.833333333333334e-06,0.0001157638888888889,1711.1058206395821
2.7236320919967492e-05,1.666666666666667e-06,0.0001331076388888889,19831.678651657025
2.7236320919967492e-05,-2.4999999999999998e-06,6.95138888888889e-05,37.98266363301383
2.7236320919967492e-05,1e-05,1.7482638888888892e-05,1.4015379668737096
2.7236320919967492e-05,-4.166666666666667e-06,0.0001331076388888889,10576.032643042217
2.7236320919967492e-05,0.0,0.0001042013888888889,1117.7757380481953
2.7236320919967492e-05,1.666666666666667e-06,0.0001042013888888889,1292.945035088683
2.7236320919967492e-05,-5.833333333333334e-06,0.00010998263888888889,1004.8351715265117
2.7236320919967492e-05,1.666666666666667e-06,7.52951388888889e-05,90.48507343603451
2.7236320919967492e-05,1.666666666666667e-06,9.84201388888889e-05,754.1022495605862
2.7236320919967492e-05,7.500000000000001e-06,0.0001157638888888889,5933.124556522469
2.7236320919967492e-05,-8.333333333333334e-06,0.00012154513888888889,2110.725402589673
2.7236320919967492e-05,7.500000000000001e-06,7.52951388888889e-05,133.4128809438363
2.7236320919967492e-05,5.833333333333336e-06,8.68576388888889e-05,349.98234891930895
2.7236320919967492e-05,-9.166666666666668e-06,0.0001157638888888889,1110.287479152039
2.7236320919967492e-05,3.333333333333334e-06,0.0001157638888888889,4397.738318176566
2.7236320919967492e-05,-2.4999999999999998e-06,4.638888888888889e-05,5.6932861919679345
2.7236320919967492e-05,2.5000000000000015e-06,0.0001273263888888889,12300.033091603995
2.7236320919967492e-05,-6.666666666666667e-06,0.00012154513888888889,2628.6970463913376
2.7236320919967492e-05,1.666666666666667e-06,4.638888888888889e-05,7.5723173861332995
2.7236320919967492e-05,5.833333333333336e-06,0.0001157638888888889,5302.65194638243
2.7236320919967492e-05,-2.4999999999999998e-06,0.0001157638888888889,2529.323781112643
2.7236320919967492e-05,-4.166666666666667e-06,0.0001388888888888889,18227.8411678929
2.7236320919967492e-05,4.166666666666667e-06,0.0001388888888888889,42582.61275433993
2.7236320919967492e-05,-5e-06,0.0001157638888888889,1894.2053081803538
2.7236320919967492e-05,-5.833333333333334e-06,0.00012154513888888889,2921.989741330853
2.7236320919967492e-05,-7.500000000000001e-06,0.0001157638888888889,1385.4282320041434
2.7236320919967492e-05,-3.3333333333333333e-06,9.263888888888889e-05,274.06408424603006
2.7236320919967492e-05,-1.666666666666667e-06,0.0001157638888888889,2770.487174437168
2.7236320919967492e-05,8.333333333333335e-06,0.0001388888888888889,57513.1543612819
2.7236320919967492e-05,2.5000000000000015e-06,0.0001042013888888889,1384.6966034923967
2.7236320919967492e-05,4.166666666666667e-06,9.84201388888889e-05,916.0987042218155
2.7236320919967492e-05,-6.666666666666667e-06,8.68576388888889e-05,112.7905323642434
2.7236320919967492e-05,-7.500000000000001e-06,5.795138888888889e-05,9.04312191005777
2.7236320919967492e-05,9.16666666666667e-06,9.263888888888889e-05,734.8562831103201
2.7236320919967492e-05,-2.4999999999999998e-06,0.00012154513888888889,4343.250252338528
2.7236320919967492e-05,4.166666666666667e-06,0.00012154513888888889,8124.5525230969315
2.7236320919967492e-05,2.5000000000000015e-06,0.0001331076388888889,21334.315318056204
2.7236320919967492e-05,-9.166666666666668e-06,0.0001331076388888889,5470.7632730539035
2.7236320919967492e-05,0.0,4.060763888888889e-05,4.412949939933373
2.7236320919967492e-05,-8.333333333333327e-07,0.0001273263888888889,8987.572453836154
2.7236320919967492e-05,-3.3333333333333333e-06,0.0001042013888888889,789.3048516577757
2.7236320919967492e-05,1e-05,0.0001331076388888889,36510.350933940754
2.7236320919967492e-05,6.666666666666667e-06,0.0001388888888888889,51382.96691229846
2.7236320919967492e-05,-5e-06,0.0001273263888888889,5553.252947385514
2.7236320919967492e-05,2.5000000000000015e-06,6.95138888888889e-05,57.31343451950151
2.7236320919967492e-05,-7.500000000000001e-06,0.0001273263888888889,4026.2425382916545
2.7236320919967492e-05,8.333333333333344e-07,6.95138888888889e-05,50.67005048818691
2.7236320919967492e-05,8.333333333333344e-07,0.0001273263888888889,10613.9853003256
2.7236320919967492e-05,-9.166666666666668e-06,8.68576388888889e-05,83.81201678584432
2.7236320919967492e-05,3.333333333333334e-06,0.0001042013888888889,1478.942964922313
2.7236320919967492e-05,-8.333333333333334e-06,0.0001331076388888889,6147.631586137789
2.7236320919967492e-05,7.500000000000001e-06,0.0001042013888888889,1979.447815134485
2.7236320919967492e-05,1e-05,0.0001388888888888889,63787.2295291822
2.7236320919967492e-05,3.333333333333334e-06,9.263888888888889e-05,502.47095816381704
2.7236320919967492e-05,-3.3333333333333333e-06,0.00010998263888888889,1346.337668389175
2.7236320919967492e-05,6.666666666666667e-06,0.00012154513888888889,9743.600641554951
2.7236320919967492e-05,-8.333333333333334e-06,8.107638888888889e-05,56.10269952567298
2.7236320919967492e-05,-3.3333333333333333e-06,8.68576388888889e-05,162.5024711643144
2.7236320919967492e-05,9.16666666666667e-06,8.107638888888889e-05,249.61683704878723
2.7236320919967492e-05,0.0,0.0001388888888888889,29426.942704604644
2.7236320919967492e-05,-4.166666666666667e-06,0.0001273263888888889,6148.140265684803
2.7236320919967492e-05,0.0,0.0001331076388888889,16980.774791542008
2.7236320919967492e-05,5.833333333333336e-06,0.0001042013888888889,1774.348326387149
2.7236320919967492e-05,-8.333333333333327e-07,9.84201388888889e-05,602.1751806968128
2.7236320919967492e-05,-4.166666666666667e-06,4.638888888888889e-05,5.011944183620459
2.7236320919967492e-05,-4.166666666666667e-06,9.263888888888889e-05,250.5062798377659
2.7236320919967492e-05,4.166666666666667e-06,0.00010998263888888889,2716.115604788826
2.7236320919967492e-05,-3.3333333333333333e-06,0.0001157638888888889,2303.013263944888
2.7236320919967492e-05,1e-05,1.1701388888888889e-05,1.0327285349303008
2.7236320919967492e-05,-7.500000000000001e-06,9.84201388888889e-05,286.42739929854326
2.7236320919967492e-05,3.333333333333334e-06,0.00012154513888888889,7607.311373593345
2.7236320919967492e-05,5.833333333333336e-06,0.00010998263888888889,3064.124824529281
2.7236320919967492e-05,-6.666666666666667e-06,9.263888888888889e-05,188.60239249978727
2.7236320919967492e-05,8.333333333333344e-07,0.0001331076388888889,18379.455834503045
2.7236320919967492e-05,-2.4999999999999998e-06,7.52951388888889e-05,63.000641634489064
2.7236320919967492e-05,-7.500000000000001e-06,2.326388888888889e-05,1.0280578316677602
2.7236320919967492e-05,-4.166666666666667e-06,0.0001042013888888889,718.9361705648752
2.7236320919967492e-05,6.666666666666667e-06,0.0001042013888888889,1876.2428533735044
2.7236320919967492e-05,-2.4999999999999998e-06,5.217013888888889e-05,8.913200863957732
2.7236320919967492e-05,-8.333333333333327e-07,0.0001157638888888889,3026.561666424526
2.7236320919967492e-05,-4.166666666666667e-06,0.00012154513888888889,3581.638837724976
2.7236320919967492e-05,-3.3333333333333333e-06,0.0001331076388888889,11691.278893480936
2.7236320919967492e-05,9.16666666666667e-06,0.00012154513888888889,11436.177918970023
2.7236320919967492e-05,0.0,0.0001157638888888889,3297.4936941443502
2.7236320919967492e-05,4.166666666666667e-06,8.68576388888889e-05,312.5276073671369
2.7236320919967492e-05,8.333333333333344e-07,0.00012154513888888889,6140.321142599642
2.7236320919967492e-05,0.0,0.00010998263888888889,1917.4729105508704
2.7236320919967492e-05,-1.666666666666667e-06,0.00012154513888888889,4763.436788733227
2.7236320919967492e-05,1e-05,0.00012154513888888889,12010.66785677681
2.7236320919967492e-05,5.833333333333336e-06,9.263888888888889e-05,599.4428935540093
2.7236320919967492e-05,6.666666666666667e-06,0.0001273263888888889,16934.437363433342
2.7236320919967492e-05,-1e-05,0.0001042013888888889,348.81995092806693
2.7236320919967492e-05,8.333333333333335e-06,0.0001331076388888889,32955.15010069883
2.7236320919967492e-05,-5.833333333333334e-06,0.0001273263888888889,5002.307857470856
2.7236320919967492e-05,-5e-06,0.00010998263888888889,1110.627338380229
2.7236320919967492e-05,-5.833333333333334e-06,9.263888888888889e-05,207.80396536014828
2.7236320919967492e-05,8.333333333333335e-06,1.3888888888888888e-07,0.6508316394226018
2.7236320919967492e-05,-8.333333333333334e-06,0.00010998263888888889,732.9269151339271
2.7236320919967492e-05,8.333333333333335e-06,8.107638888888889e-05,238.3638836254585
2.7236320919967492e-05,-8.333333333333334e-06,9.84201388888889e-05,258.1977707414852
2.7236320919967492e-05,5.833333333333336e-06,0.0001273263888888889,15968.39033657852
2.7236320919967492e-05,8.333333333333344e-07,8.107638888888889e-05,142.91598410037435
2.7236320919967492e-05,8.333333333333344e-07,0.00010998263888888889,2067.496761405262
2.7236320919967492e-05,-2.4999999999999998e-06,0.0001042013888888889,864.3562836147764
2.7236320919967492e-05,-2.4999999999999998e-06,9.84201388888889e-05,507.5589699166531
2.7236320919967492e-05,-5.833333333333334e-06,0.0001388888888888889,14757.331453022267
2.7236320919967492e-05,-6.666666666666667e-06,0.0001388888888888889,13223.036079479532
2.7236320919967492e-05,-7.500000000000001e-06,0.0001388888888888889,11815.545143679188
2.7236320919967492e-05,-1.666666666666667e-06,0.0001042013888888889,944.124412060109
2.7236320919967492e-05,-2.4999999999999998e-06,9.263888888888889e-05,299.11606616408153
2.7236320919967492e-05,8.333333333333335e-06,0.0001273263888888889,18909.170965537338
2.7236320919967492e-05,7.500000000000001e-06,9.84201388888889e-05,1147.1399069564548
2.7236320919967492e-05,-2.4999999999999998e-06,8.107638888888889e-05,105.28444853259535
2.7236320919967492e-05,7.500000000000001e-06,0.00012154513888888889,10301.369481465319
2.7236320919967492e-05,-6.666666666666667e-06,0.0001042013888888889,535.1360596036808
2.7236320919967492e-05,-8.333333333333334e-06,6.373263888888889e-05,13.158954870585454
2.7236320919967492e-05,9.16666666666667e-06,0.0001042013888888889,2188.8388893306824
2.7236320919967492e-05,-9.166666666666668e-06,0.0001042013888888889,389.60150527191684
2.7236320919967492e-05,5.000000000000001e-06,0.00012154513888888889,8653.87740759893
2.7236320919967492e-05,-2.4999999999999998e-06,0.0001331076388888889,12888.32425112387
2.7236320919967492e-05,8.333333333333344e-07,0.0001157638888888889,3559.170542811965
2.7236320919967492e-05,8.333333333333335e-06,9.263888888888889e-05,700.5782758751307
2.7236320919967492e-05,-9.166666666666668e-06,0.0001273263888888889,3206.2393444777244
2.7236320919967492e-05,4.166666666666667e-06,0.0001273263888888889,14090.514867843938
2.7236320919967492e-05,6.666666666666667e-06,0.00010998263888888889,3242.6022943378252
2.7236320919967492e-05,-1e-05,7.52951388888889e-05,28.26090914895589
2.7236320919967492e-05,9.16666666666667e-06,9.84201388888889e-05,1266.6580495355388
2.7236320919967492e-05,-1.666666666666667e-06,0.0001273263888888889,8207.397778463217
