pmax,ws
0.0005,-1e-05
0.0005,-9.166666666666668e-06
0.0005,-8.333333333333334e-06
0.0005,-7.500000000000001e-06
0.0005,-6.666666666666667e-06
0.0005,-5.833333333333334e-06
0.0005,-5e-06
0.0005,-4.166666666666667e-06
0.0005,-3.3333333333333333e-06
0.0005,-2.4999999999999998e-06
0.0005,-1.666666666666667e-06
0.0005,-8.333333333333327e-07
0.0005,0.0
0.0005,8.333333333333344e-07
0.0005,1.666666666666667e-06
0.0005,2.5000000000000015e-06
0.0005,3.333333333333334e-06
0.0005,4.166666666666667e-06
0.0005,5.000000000000001e-06
0.0005,5.833333333333336e-06
0.0005,6.666666666666667e-06
0.0005,7.500000000000001e-06
0.0005,8.333333333333335e-06
0.0005,9.16666666666667e-06
0.0005,1e-05
0.0213125,-1e-05
0.0213125,-9.166666666666668e-06
0.0213125,-8.333333333333334e-06
0.0213125,-7.500000000000001e-06
0.0213125,-6.666666666666667e-06
0.0213125,-5.833333333333334e-06
0.0213125,-5e-06
0.0213125,-4.166666666666667e-06
0.0213125,-3.3333333333333333e-06
0.0213125,-2.4999999999999998e-06
0.0213125,-1.666666666666667e-06
0.0213125,-8.333333333333327e-07
0.0213125,0.0
0.0213125,8.333333333333344e-07
0.0213125,1.666666666666667e-06
0.0213125,2.5000000000000015e-06
0.0213125,3.333333333333334e-06
0.0213125,4.166666666666667e-06
0.0213125,5.000000000000001e-06
0.0213125,5.833333333333336e-06
0.0213125,6.666666666666667e-06
0.0213125,7.500000000000001e-06
0.0213125,8.333333333333335e-06
0.0213125,9.16666666666667e-06
0.0213125,1e-05
0.042125,-1e-05
0.042125,-9.166666666666668e-06
0.042125,-8.333333333333334e-06
0.042125,-7.500000000000001e-06
0.042125,-6.666666666666667e-06
0.042125,-5.833333333333334e-06
0.042125,-5e-06
0.042125,-4.166666666666667e-06
0.042125,-3.3333333333333333e-06
0.042125,-2.4999999999999998e-06
0.042125,-1.666666666666667e-06
0.042125,-8.333333333333327e-07
0.042125,0.0
0.042125,8.333333333333344e-07
0.042125,1.666666666666667e-06
0.042125,2.5000000000000015e-06
0.042125,3.333333333333334e-06
0.042125,4.166666666666667e-06
0.042125,5.000000000000001e-06
0.042125,5.833333333333336e-06
0.042125,6.666666666666667e-06
0.042125,7.500000000000001e-06
0.042125,8.333333333333335e-06
0.042125,9.16666666666667e-06
0.042125,1e-05
0.06293750000000001,-1e-05
0.06293750000000001,-9.166666666666668e-06
0.06293750000000001,-8.333333333333334e-06
0.06293750000000001,-7.500000000000001e-06
0.06293750000000001,-6.666666666666667e-06
0.06293750000000001,-5.833333333333334e-06
0.06293750000000001,-5e-06
0.06293750000000001,-4.166666666666667e-06
0.06293750000000001,-3.3333333333333333e-06
0.06293750000000001,-2.4999999999999998e-06
0.06293750000000001,-1.666666666666667e-06
0.06293750000000001,-8.333333333333327e-07
0.06293750000000001,0.0
0.06293750000000001,8.333333333333344e-07
0.06293750000000001,1.666666666666667e-06
0.06293750000000001,2.5000000000000015e-06
0.06293750000000001,3.333333333333334e-06
0.06293750000000001,4.166666666666667e-06
0.06293750000000001,5.000000000000001e-06
0.06293750000000001,5.833333333333336e-06
0.06293750000000001,6.666666666666667e-06
0.06293750000000001,7.500000000000001e-06
0.06293750000000001,8.333333333333335e-06
0.06293750000000001,9.16666666666667e-06
0.06293750000000001,1e-05
0.08375,-1e-05
0.08375,-9.166666666666668e-06
0.08375,-8.333333333333334e-06
0.08375,-7.500000000000001e-06
0.08375,-6.666666666666667e-06
0.08375,-5.833333333333334e-06
0.08375,-5e-06
0.08375,-4.166666666666667e-06
0.08375,-3.3333333333333333e-06
0.08375,-2.4999999999999998e-06
0.08375,-1.666666666666667e-06
0.08375,-8.333333333333327e-07
0.08375,0.0
0.08375,8.333333333333344e-07
0.08375,1.666666666666667e-06
0.08375,2.5000000000000015e-06
0.08375,3.333333333333334e-06
0.08375,4.166666666666667e-06
0.08375,5.000000000000001e-06
0.08375,5.833333333333336e-06
0.08375,6.666666666666667e-06
0.08375,7.500000000000001e-06
0.08375,8.333333333333335e-06
0.08375,9.16666666666667e-06
0.08375,1e-05
0.1045625,-1e-05
0.1045625,-9.166666666666668e-06
0.1045625,-8.333333333333334e-06
0.1045625,-7.500000000000001e-06
0.1045625,-6.666666666666667e-06
0.1045625,-5.833333333333334e-06
0.1045625,-5e-06
0.1045625,-4.166666666666667e-06
0.1045625,-3.3333333333333333e-06
0.1045625,-2.4999999999999998e-06
0.1045625,-1.666666666666667e-06
0.1045625,-8.333333333333327e-07
0.1045625,0.0
0.1045625,8.333333333333344e-07
0.1045625,1.666666666666667e-06
0.1045625,2.5000000000000015e-06
0.1045625,3.333333333333334e-06
0.1045625,4.166666666666667e-06
0.1045625,5.000000000000001e-06
0.1045625,5.833333333333336e-06
0.1045625,6.666666666666667e-06
0.1045625,7.500000000000001e-06
0.1045625,8.333333333333335e-06
0.1045625,9.16666666666667e-06
0.1045625,1e-05
0.12537500000000001,-1e-05
0.12537500000000001,-9.166666666666668e-06
0.12537500000000001,-8.333333333333334e-06
0.12537500000000001,-7.500000000000001e-06
0.12537500000000001,-6.666666666666667e-06
0.12537500000000001,-5.833333333333334e-06
0.12537500000000001,-5e-06
0.12537500000000001,-4.166666666666667e-06
0.12537500000000001,-3.3333333333333333e-06
0.12537500000000001,-2.4999999999999998e-06
0.12537500000000001,-1.666666666666667e-06
0.12537500000000001,-8.333333333333327e-07
0.12537500000000001,0.0
0.12537500000000001,8.333333333333344e-07
0.12537500000000001,1.666666666666667e-06
0.12537500000000001,2.5000000000000015e-06
0.12537500000000001,3.333333333333334e-06
0.12537500000000001,4.166666666666667e-06
0.12537500000000001,5.000000000000001e-06
0.12537500000000001,5.833333333333336e-06
0.12537500000000001,6.666666666666667e-06
0.12537500000000001,7.500000000000001e-06
0.12537500000000001,8.333333333333335e-06
0.12537500000000001,9.16666666666667e-06
0.12537500000000001,1e-05
0.1461875,-1e-05
0.1461875,-9.166666666666668e-06
0.1461875,-8.333333333333334e-06
0.1461875,-7.500000000000001e-06
0.1461875,-6.666666666666667e-06
0.1461875,-5.833333333333334e-06
0.1461875,-5e-06
0.1461875,-4.166666666666667e-06
0.1461875,-3.3333333333333333e-06
0.1461875,-2.4999999999999998e-06
0.1461875,-1.666666666666667e-06
0.1461875,-8.333333333333327e-07
0.1461875,0.0
0.1461875,8.333333333333344e-07
0.1461875,1.666666666666667e-06
0.1461875,2.5000000000000015e-06
0.1461875,3.333333333333334e-06
0.1461875,4.166666666666667e-06
0.1461875,5.000000000000001e-06
0.1461875,5.833333333333336e-06
0.1461875,6.666666666666667e-06
0.1461875,7.500000000000001e-06
0.1461875,8.333333333333335e-06
0.1461875,9.16666666666667e-06
0.1461875,1e-05
0.167,-1e-05
0.167,-9.166666666666668e-06
0.167,-8.333333333333334e-06
0.167,-7.500000000000001e-06
0.167,-6.666666666666667e-06
0.167,-5.833333333333334e-06
0.167,-5e-06
0.167,-4.166666666666667e-06
0.167,-3.3333333333333333e-06
0.167,-2.4999999999999998e-06
0.167,-1.666666666666667e-06
0.167,-8.333333333333327e-07
0.167,0.0
0.167,8.333333333333344e-07
0.167,1.666666666666667e-06
0.167,2.5000000000000015e-06
0.167,3.333333333333334e-06
0.167,4.166666666666667e-06
0.167,5.000000000000001e-06
0.167,5.833333333333336e-06
0.167,6.666666666666667e-06
0.167,7.500000000000001e-06
0.167,8.333333333333335e-06
0.167,9.16666666666667e-06
0.167,1e-05
0.18781250000000002,-1e-05
0.18781250000000002,-9.166666666666668e-06
0.18781250000000002,-8.333333333333334e-06
0.18781250000000002,-7.500000000000001e-06
0.18781250000000002,-6.666666666666667e-06
0.18781250000000002,-5.833333333333334e-06
0.18781250000000002,-5e-06
0.18781250000000002,-4.166666666666667e-06
0.18781250000000002,-3.3333333333333333e-06
0.18781250000000002,-2.4999999999999998e-06
0.18781250000000002,-1.666666666666667e-06
0.18781250000000002,-8.333333333333327e-07
0.18781250000000002,0.0
0.18781250000000002,8.333333333333344e-07
0.18781250000000002,1.666666666666667e-06
0.18781250000000002,2.5000000000000015e-06
0.18781250000000002,3.333333333333334e-06
0.18781250000000002,4.166666666666667e-06
0.18781250000000002,5.000000000000001e-06
0.18781250000000002,5.833333333333336e-06
0.18781250000000002,6.666666666666667e-06
0.18781250000000002,7.500000000000001e-06
0.18781250000000002,8.333333333333335e-06
0.18781250000000002,9.16666666666667e-06
0.18781250000000002,1e-05
0.208625,-1e-05
0.208625,-9.166666666666668e-06
0.208625,-8.333333333333334e-06
0.208625,-7.500000000000001e-06
0.208625,-6.666666666666667e-06
0.208625,-5.833333333333334e-06
0.208625,-5e-06
0.208625,-4.166666666666667e-06
0.208625,-3.3333333333333333e-06
0.208625,-2.4999999999999998e-06
0.208625,-1.666666666666667e-06
0.208625,-8.333333333333327e-07
0.208625,0.0
0.208625,8.333333333333344e-07
0.208625,1.666666666666667e-06
0.208625,2.5000000000000015e-06
0.208625,3.333333333333334e-06
0.208625,4.166666666666667e-06
0.208625,5.000000000000001e-06
0.208625,5.833333333333336e-06
0.208625,6.666666666666667e-06
0.208625,7.500000000000001e-06
0.208625,8.333333333333335e-06
0.208625,9.16666666666667e-06
0.208625,1e-05
0.22943750000000002,-1e-05
0.22943750000000002,-9.166666666666668e-06
0.22943750000000002,-8.333333333333334e-06
0.22943750000000002,-7.500000000000001e-06
0.22943750000000002,-6.666666666666667e-06
0.22943750000000002,-5.833333333333334e-06
0.22943750000000002,-5e-06
0.22943750000000002,-4.166666666666667e-06
0.22943750000000002,-3.3333333333333333e-06
0.22943750000000002,-2.4999999999999998e-06
0.22943750000000002,-1.666666666666667e-06
0.22943750000000002,-8.333333333333327e-07
0.22943750000000002,0.0
0.22943750000000002,8.333333333333344e-07
0.22943750000000002,1.666666666666667e-06
0.22943750000000002,2.5000000000000015e-06
0.22943750000000002,3.333333333333334e-06
0.22943750000000002,4.166666666666667e-06
0.22943750000000002,5.000000000000001e-06
0.22943750000000002,5.833333333333336e-06
0.22943750000000002,6.666666666666667e-06
0.22943750000000002,7.500000000000001e-06
0.22943750000000002,8.333333333333335e-06
0.22943750000000002,9.16666666666667e-06
0.22943750000000002,1e-05
0.25025000000000003,-1e-05
0.25025000000000003,-9.166666666666668e-06
0.25025000000000003,-8.333333333333334e-06
0.25025000000000003,-7.500000000000001e-06
0.25025000000000003,-6.666666666666667e-06
0.25025000000000003,-5.833333333333334e-06
0.25025000000000003,-5e-06
0.25025000000000003,-4.166666666666667e-06
0.25025000000000003,-3.3333333333333333e-06
0.25025000000000003,-2.4999999999999998e-06
0.25025000000000003,-1.666666666666667e-06
0.25025000000000003,-8.333333333333327e-07
0.25025000000000003,0.0
0.25025000000000003,8.333333333333344e-07
0.25025000000000003,1.666666666666667e-06
0.25025000000000003,2.5000000000000015e-06
0.25025000000000003,3.333333333333334e-06
0.25025000000000003,4.166666666666667e-06
0.25025000000000003,5.000000000000001e-06
0.25025000000000003,5.833333333333336e-06
0.25025000000000003,6.666666666666667e-06
0.25025000000000003,7.500000000000001e-06
0.25025000000000003,8.333333333333335e-06
0.25025000000000003,9.16666666666667e-06
0.25025000000000003,1e-05
0.27106250000000004,-1e-05
0.27106250000000004,-9.166666666666668e-06
0.27106250000000004,-8.333333333333334e-06
0.27106250000000004,-7.500000000000001e-06
0.27106250000000004,-6.666666666666667e-06
0.27106250000000004,-5.833333333333334e-06
0.27106250000000004,-5e-06
0.27106250000000004,-4.166666666666667e-06
0.27106250000000004,-3.3333333333333333e-06
0.27106250000000004,-2.4999999999999998e-06
0.27106250000000004,-1.666666666666667e-06
0.27106250000000004,-8.333333333333327e-07
0.27106250000000004,0.0
0.27106250000000004,8.333333333333344e-07
0.27106250000000004,1.666666666666667e-06
0.27106250000000004,2.5000000000000015e-06
0.27106250000000004,3.333333333333334e-06
0.27106250000000004,4.166666666666667e-06
0.27106250000000004,5.000000000000001e-06
0.27106250000000004,5.833333333333336e-06
0.27106250000000004,6.666666666666667e-06
0.27106250000000004,7.500000000000001e-06
0.27106250000000004,8.333333333333335e-06
0.27106250000000004,9.16666666666667e-06
0.27106250000000004,1e-05
0.291875,-1e-05
0.291875,-9.166666666666668e-06
0.291875,-8.333333333333334e-06
0.291875,-7.500000000000001e-06
0.291875,-6.666666666666667e-06
0.291875,-5.833333333333334e-06
0.291875,-5e-06
0.291875,-4.166666666666667e-06
0.291875,-3.3333333333333333e-06
0.291875,-2.4999999999999998e-06
0.291875,-1.666666666666667e-06
0.291875,-8.333333333333327e-07
0.291875,0.0
0.291875,8.333333333333344e-07
0.291875,1.666666666666667e-06
0.291875,2.5000000000000015e-06
0.291875,3.333333333333334e-06
0.291875,4.166666666666667e-06
0.291875,5.000000000000001e-06
0.291875,5.833333333333336e-06
0.291875,6.666666666666667e-06
0.291875,7.500000000000001e-06
0.291875,8.333333333333335e-06
0.291875,9.16666666666667e-06
0.291875,1e-05
0.3126875,-1e-05
0.3126875,-9.166666666666668e-06
0.3126875,-8.333333333333334e-06
0.3126875,-7.500000000000001e-06
0.3126875,-6.666666666666667e-06
0.3126875,-5.833333333333334e-06
0.3126875,-5e-06
0.3126875,-4.166666666666667e-06
0.3126875,-3.3333333333333333e-06
0.3126875,-2.4999999999999998e-06
0.3126875,-1.666666666666667e-06
0.3126875,-8.333333333333327e-07
0.3126875,0.0
0.3126875,8.333333333333344e-07
0.3126875,1.666666666666667e-06
0.3126875,2.5000000000000015e-06
0.3126875,3.333333333333334e-06
0.3126875,4.166666666666667e-06
0.3126875,5.000000000000001e-06
0.3126875,5.833333333333336e-06
0.3126875,6.666666666666667e-06
0.3126875,7.500000000000001e-06
0.3126875,8.333333333333335e-06
0.3126875,9.16666666666667e-06
0.3126875,1e-05
0.3335,-1e-05
0.3335,-9.166666666666668e-06
0.3335,-8.333333333333334e-06
0.3335,-7.500000000000001e-06
0.3335,-6.666666666666667e-06
0.3335,-5.833333333333334e-06
0.3335,-5e-06
0.3335,-4.166666666666667e-06
0.3335,-3.3333333333333333e-06
0.3335,-2.4999999999999998e-06
0.3335,-1.666666666666667e-06
0.3335,-8.333333333333327e-07
0.3335,0.0
0.3335,8.333333333333344e-07
0.3335,1.666666666666667e-06
0.3335,2.5000000000000015e-06
0.3335,3.333333333333334e-06
0.3335,4.166666666666667e-06
0.3335,5.000000000000001e-06
0.3335,5.833333333333336e-06
0.3335,6.666666666666667e-06
0.3335,7.500000000000001e-06
0.3335,8.333333333333335e-06
0.3335,9.16666666666667e-06
0.3335,1e-05
0.35431250000000003,-1e-05
0.35431250000000003,-9.166666666666668e-06
0.35431250000000003,-8.333333333333334e-06
0.35431250000000003,-7.500000000000001e-06
0.35431250000000003,-6.666666666666667e-06
0.35431250000000003,-5.833333333333334e-06
0.35431250000000003,-5e-06
0.35431250000000003,-4.166666666666667e-06
0.35431250000000003,-3.3333333333333333e-06
0.35431250000000003,-2.4999999999999998e-06
0.35431250000000003,-1.666666666666667e-06
0.35431250000000003,-8.333333333333327e-07
0.35431250000000003,0.0
0.35431250000000003,8.333333333333344e-07
0.35431250000000003,1.666666666666667e-06
0.35431250000000003,2.5000000000000015e-06
0.35431250000000003,3.333333333333334e-06
0.35431250000000003,4.166666666666667e-06
0.35431250000000003,5.000000000000001e-06
0.35431250000000003,5.833333333333336e-06
0.35431250000000003,6.666666666666667e-06
0.35431250000000003,7.500000000000001e-06
0.35431250000000003,8.333333333333335e-06
0.35431250000000003,9.16666666666667e-06
0.35431250000000003,1e-05
0.37512500000000004,-1e-05
0.37512500000000004,-9.166666666666668e-06
0.37512500000000004,-8.333333333333334e-06
0.37512500000000004,-7.500000000000001e-06
0.37512500000000004,-6.666666666666667e-06
0.37512500000000004,-5.833333333333334e-06
0.37512500000000004,-5e-06
0.37512500000000004,-4.166666666666667e-06
0.37512500000000004,-3.3333333333333333e-06
0.37512500000000004,-2.4999999999999998e-06
0.37512500000000004,-1.666666666666667e-06
0.37512500000000004,-8.333333333333327e-07
0.37512500000000004,0.0
0.37512500000000004,8.333333333333344e-07
0.37512500000000004,1.666666666666667e-06
0.37512500000000004,2.5000000000000015e-06
0.37512500000000004,3.333333333333334e-06
0.37512500000000004,4.166666666666667e-06
0.37512500000000004,5.000000000000001e-06
0.37512500000000004,5.833333333333336e-06
0.37512500000000004,6.666666666666667e-06
0.37512500000000004,7.500000000000001e-06
0.37512500000000004,8.333333333333335e-06
0.37512500000000004,9.16666666666667e-06
0.37512500000000004,1e-05
0.3959375,-1e-05
0.3959375,-9.166666666666668e-06
0.3959375,-8.333333333333334e-06
0.3959375,-7.500000000000001e-06
0.3959375,-6.666666666666667e-06
0.3959375,-5.833333333333334e-06
0.3959375,-5e-06
0.3959375,-4.166666666666667e-06
0.3959375,-3.3333333333333333e-06
0.3959375,-2.4999999999999998e-06
0.3959375,-1.666666666666667e-06
0.3959375,-8.333333333333327e-07
0.3959375,0.0
0.3959375,8.333333333333344e-07
0.3959375,1.666666666666667e-06
0.3959375,2.5000000000000015e-06
0.3959375,3.333333333333334e-06
0.3959375,4.166666666666667e-06
0.3959375,5.000000000000001e-06
0.3959375,5.833333333333336e-06
0.3959375,6.666666666666667e-06
0.3959375,7.500000000000001e-06
0.3959375,8.333333333333335e-06
0.3959375,9.16666666666667e-06
0.3959375,1e-05
0.41675,-1e-05
0.41675,-9.166666666666668e-06
0.41675,-8.333333333333334e-06
0.41675,-7.500000000000001e-06
0.41675,-6.666666666666667e-06
0.41675,-5.833333333333334e-06
0.41675,-5e-06
0.41675,-4.166666666666667e-06
0.41675,-3.3333333333333333e-06
0.41675,-2.4999999999999998e-06
0.41675,-1.666666666666667e-06
0.41675,-8.333333333333327e-07
0.41675,0.0
0.41675,8.333333333333344e-07
0.41675,1.666666666666667e-06
0.41675,2.5000000000000015e-06
0.41675,3.333333333333334e-06
0.41675,4.166666666666667e-06
0.41675,5.000000000000001e-06
0.41675,5.833333333333336e-06
0.41675,6.666666666666667e-06
0.41675,7.500000000000001e-06
0.41675,8.333333333333335e-06
0.41675,9.16666666666667e-06
0.41675,1e-05
0.4375625,-1e-05
0.4375625,-9.166666666666668e-06
0.4375625,-8.333333333333334e-06
0.4375625,-7.500000000000001e-06
0.4375625,-6.666666666666667e-06
0.4375625,-5.833333333333334e-06
0.4375625,-5e-06
0.4375625,-4.166666666666667e-06
0.4375625,-3.3333333333333333e-06
0.4375625,-2.4999999999999998e-06
0.4375625,-1.666666666666667e-06
0.4375625,-8.333333333333327e-07
0.4375625,0.0
0.4375625,8.333333333333344e-07
0.4375625,1.666666666666667e-06
0.4375625,2.5000000000000015e-06
0.4375625,3.333333333333334e-06
0.4375625,4.166666666666667e-06
0.4375625,5.000000000000001e-06
0.4375625,5.833333333333336e-06
0.4375625,6.666666666666667e-06
0.4375625,7.500000000000001e-06
0.4375625,8.333333333333335e-06
0.4375625,9.16666666666667e-06
0.4375625,1e-05
0.45837500000000003,-1e-05
0.45837500000000003,-9.166666666666668e-06
0.45837500000000003,-8.333333333333334e-06
0.45837500000000003,-7.500000000000001e-06
0.45837500000000003,-6.666666666666667e-06
0.45837500000000003,-5.833333333333334e-06
0.45837500000000003,-5e-06
0.45837500000000003,-4.166666666666667e-06
0.45837500000000003,-3.3333333333333333e-06
0.45837500000000003,-2.4999999999999998e-06
0.45837500000000003,-1.666666666666667e-06
0.45837500000000003,-8.333333333333327e-07
0.45837500000000003,0.0
0.45837500000000003,8.333333333333344e-07
0.45837500000000003,1.666666666666667e-06
0.45837500000000003,2.5000000000000015e-06
0.45837500000000003,3.333333333333334e-06
0.45837500000000003,4.166666666666667e-06
0.45837500000000003,5.000000000000001e-06
0.45837500000000003,5.833333333333336e-06
0.45837500000000003,6.666666666666667e-06
0.45837500000000003,7.500000000000001e-06
0.45837500000000003,8.333333333333335e-06
0.45837500000000003,9.16666666666667e-06
0.45837500000000003,1e-05
0.47918750000000004,-1e-05
0.47918750000000004,-9.166666666666668e-06
0.47918750000000004,-8.333333333333334e-06
0.47918750000000004,-7.500000000000001e-06
0.47918750000000004,-6.666666666666667e-06
0.47918750000000004,-5.833333333333334e-06
0.47918750000000004,-5e-06
0.47918750000000004,-4.166666666666667e-06
0.47918750000000004,-3.3333333333333333e-06
0.47918750000000004,-2.4999999999999998e-06
0.47918750000000004,-1.666666666666667e-06
0.47918750000000004,-8.333333333333327e-07
0.47918750000000004,0.0
0.47918750000000004,8.333333333333344e-07
0.47918750000000004,1.666666666666667e-06
0.47918750000000004,2.5000000000000015e-06
0.47918750000000004,3.333333333333334e-06
0.47918750000000004,4.166666666666667e-06
0.47918750000000004,5.000000000000001e-06
0.47918750000000004,5.833333333333336e-06
0.47918750000000004,6.666666666666667e-06
0.47918750000000004,7.500000000000001e-06
0.47918750000000004,8.333333333333335e-06
0.47918750000000004,9.16666666666667e-06
0.47918750000000004,1e-05
0.5,-1e-05
0.5,-9.166666666666668e-06
0.5,-8.333333333333334e-06
0.5,-7.500000000000001e-06
0.5,-6.666666666666667e-06
0.5,-5.833333333333334e-06
0.5,-5e-06
0.5,-4.166666666666667e-06
0.5,-3.3333333333333333e-06
0.5,-2.4999999999999998e-06
0.5,-1.666666666666667e-06
0.5,-8.333333333333327e-07
0.5,0.0
0.5,8.333333333333344e-07
0.5,1.666666666666667e-06
0.5,2.5000000000000015e-06
0.5,3.333333333333334e-06
0.5,4.166666666666667e-06
0.5,5.000000000000001e-06
0.5,5.833333333333336e-06
0.5,6.666666666666667e-06
0.5,7.500000000000001e-06
0.5,8.333333333333335e-06
0.5,9.16666666666667e-06
0.5,1e-05
